proverb_id,proverb,meaning,theme,example
P001,অতি লোভে তাঁতি নষ্ট,অতিরিক্ত লোভ করতে গিয়ে মানুষ নিজের যা আছে তাও হারাতে পারে।,greed,অতিরিক্ত লাভের আশায় সব সঞ্চয় অনিশ্চিত ঝুঁকিপূর্ণ শেয়ারে বিনিয়োগ করে সে নিঃস্ব হয়ে গেল।
P002,ধৈর্যের ফল মিষ্টি,ধৈর্য ধরে অপেক্ষা ও নিরলস পরিশ্রম করলে শেষ পর্যন্ত সাফল্য ও শুভ পরিণাম পাওয়া যায়।,patience,পাঁচ বছর কঠোর অধ্যাবসায় করার পর অবশেষে সে প্রতিযোগিতামূলক পরীক্ষায় প্রথম স্থান অর্জন করল।
P003,চোর পালালে বুদ্ধি বাড়ে,কোনো বিপদ বা ক্ষতি ঘটে যাওয়ার পর কী করা উচিত ছিল তা ভেবে আফসোস করা বা সচেতন হওয়া।,hindsight,বাসা থেকে মূল্যবান জিনিসপত্র চুরি হয়ে যাওয়ার পর মালিক সিসিটিভি ক্যামেরা লাগানোর কথা চিন্তা করতে লাগলেন।
P004,এক হাতে তালি বাজে না,"কোনো বিবাদ, ভুল বোঝাবুঝি বা জটিলতা সৃষ্টিতে সাধারণত একা কারও নয়, বরং উভয় পক্ষেরই কম-বেশি দায় থাকে।",relationship,"দুই সহকর্মীর তিক্ত বাকবিতণ্ডার ক্ষেত্রে শুধু একজন নয়, অন্যজনের উসকানিমূলক আচরণও সমান দায়ী ছিল।"
P005,নাচতে না জানলে উঠান বাঁকা,"নিজের কাজের অদক্ষতা ও ব্যর্থতা স্বীকার না করে পরিবেশ, পরিস্থিতি বা অন্যকে দোষারোপ করা।",hypocrisy,পরীক্ষার প্রস্তুতি না নিয়ে খারাপ ফলাফল করায় সে দাবি করল পরীক্ষার হলের আলো নাকি পর্যাপ্ত ছিল না।
P006,"লোভে পাপ, পাপে মৃত্যু",অন্যায় লোভ মানুষকে অসৎ পথে নিয়ে যায় এবং শেষ পর্যন্ত চরম ধ্বংস ও ক্ষতির মুখে ঠেলে দেয়।,greed,চোরাই মালামালের কারবারে বিপুল টাকা উপার্জনের লোভে জড়িয়ে সে শেষ পর্যন্ত পুলিশের হাতে ধরা পড়ে সবকিছু হারাল।
P007,গাছে কাঁঠাল গোঁফে তেল,কোনো প্রাপ্তি নিশ্চিত হওয়ার আগেই আগাম ভোগ বা উদযাপনের পরিকল্পনা করে বসে থাকা।,unrealized_gain,নতুন চাকরি পাওয়ার কোনো চূড়ান্ত চিঠি না আসতেই সে বন্ধুদের বিশাল পার্টির নিমন্ত্রণ দিয়ে বসল।
P008,কষ্ট না করলে কেষ্ট মেলে না,কোনো মহৎ অর্জন বা সফলতা কঠিন পরিশ্রম ও ত্যাগ স্বীকার ছাড়া কখনোই পাওয়া যায় না।,hard_work,রাতদিন অনুশীলন ও কঠোর সাধনা ছাড়া কোনো ক্রীড়াবিদ আন্তর্জাতিক মঞ্চে স্বর্ণপদক জয় করতে পারে না।
P009,যত গর্জে তত বর্ষে না,"যে ব্যক্তি মুখে খুব বড়াই ও আস্ফালন করে, কাজে সে আসলে তেমন কিছুই করে দেখাতে পারে না।",boasting,নির্বাচনের আগে প্রতিদ্বন্দ্বী প্রার্থী প্রতিপক্ষকে গুঁড়িয়ে দেওয়ার হুংকার দিলেও বাস্তবে কোনো জোরালো পদক্ষেপ নিতে পারল না।
P010,ঢিল মারলে পাটকেল খেতে হয়,অন্যের প্রতি খারাপ আচরণ বা অন্যায় আঘাত করলে পাল্টা একই রকম বা তার চেয়েও কঠিন প্রতিঘাতের মুখোমুখি হতে হয়।,karma,প্রতিবেশীর বাগানের ক্ষতি করায় ক্ষুব্ধ প্রতিবেশী তার সীমানা প্রাচীর ভেঙে সমান জবাব দিল।
P011,নিজের নাক কেটে পরের যাত্রা ভঙ্গ,অন্যের ক্ষতি করার অন্ধ আক্রোশে নিজের গুরুতর ক্ষতি বা সর্বনাশের ঝুঁকি মেনে নেওয়া।,malice,প্রতিদ্বন্দ্বী দোকানদারের বিক্রি বন্ধ করার জন্য সে নিজের দোকানের পণ্য কেনা দামের চেয়েও কমে বিক্রি করে নিজে দেউলিয়া হলো।
P012,অসারের তর্জন গর্জন সার,অযোগ্য ও ক্ষমতাহীন মানুষই সমাজে নিজেকে জাহির করার জন্য বেশি চিৎকার ও আস্ফালন করে।,superficiality,অফিসের কোনো কাজ না জানা কর্মচারীটি মিটিংয়ে সবচেয়ে বেশি চিত্কার করে নিজেকে দক্ষ প্রমাণ করতে চাইল।
P013,চোরের মার বড় গলা,নিজে দোষ বা অন্যায় করে ধরা পড়ার পরেও উল্টো বুক ফুলিয়ে গলা উঁচিয়ে নিজেকে সঠিক প্রমাণ করার চেষ্টা।,shamelessness,কোম্পানির তহবিল তছরুপ করার প্রমাণ মেলার পরেও হিসাবরক্ষক উল্টো তদন্ত কর্মকর্তাদের বিরুদ্ধে অপবাদের অভিযোগ তুলল।
P014,আপন ভালো তো জগত ভালো,নিজের দৃষ্টিভঙ্গি ও চরিত্র সৎ এবং পরিচ্ছন্ন থাকলে চারপাশের জগৎকেও সুন্দর ও কল্যাণময় মনে হয়।,integrity,নিজে সবার সাথে অমায়িক ও সাহায্যপরায়ণ আচরণ করায় সমাজে সে সবাইকে ভালো মানুষ হিসেবে দেখতে পায়।
P015,সময় গেলে সাধন হবে না,জীবনের সঠিক সময় ও সুযোগ অবহেলায় পার করে দিলে পরে আর কাঙ্ক্ষিত লক্ষ্য অর্জন করা সম্ভব হয় না।,procrastination,বয়স থাকতে পড়াশোনা ও ভবিষ্যৎ গড়ার সুযোগ হেলায় হারিয়ে এখন বৃদ্ধ বয়সে অনুশোচনায় দিন কাটাতে হচ্ছে।
P016,এক মাঘে শীত যায় না,"সাময়িক প্রতিকূলতা কাটিয়ে উঠলেও ভবিষ্যতে আবারও বিপদ আসতে পারে, তাই অসতর্ক না হয়ে সাবধান থাকা আবশ্যক।",caution,এই যাত্রায় বন্যার হাত থেকে ফসল রক্ষা পেলেও আগামী বর্ষায় সুরক্ষার জন্য এখনই টেকসই বাঁধ নির্মাণ জরুরি।
P017,কাটা ঘায়ে নুনের ছিটা,ইতোমধ্যে চরম কষ্টে থাকা মানুষকে কটুকথা বা নতুন কোনো আঘাতে আরও বেশি বেদনাবিদ্ধ করা।,cruelty,"চাকরি হারিয়ে যখন তিনি বিপর্যস্ত, তখন পাওনাদাররা এসে আত্মীয়স্বজনের সামনে তাকে অপমান করল।"
P018,ঘরপোড়া গরু সিঁদুরে মেঘ দেখলে ডরায়,একবার অতীতে ভয়াবহ অভিজ্ঞতার শিকার হলে পরে সামান্য বা ভুয়া ভয়ের সংকেতেই মানুষ আতঙ্কিত হয়ে পড়ে।,fear,ভূমিকম্পে বাড়ি ক্ষতিগ্রস্ত হওয়ার পর সামান্য মেঘের গর্জন বা ট্রাকের শব্দ শুনলেই শিশুটি ভয়ে আঁতকে ওঠে।
P019,কান টানলে মাথা আসে,মূল সূত্রের অনুসন্ধান করলে বা মূল ব্যক্তিকে জবাবদিহির আওতায় আনলে তার সাথে জড়িত পুরো অপরাধ চক্র উন্মোচিত হয়।,connection,জাল নোট চক্রের একজন ক্ষুদ্র বিস্তারকারীকে গ্রেফতার করতেই তার পেছনে থাকা আন্তর্জাতিক সিন্ডিকেটের খোঁজ মিলল।
P020,উলুবনে মুক্তা ছড়ানো,অপাত্রে বা অজ্ঞ মানুষের কাছে মূল্যবান জ্ঞান ও গুণের উপদেশ দিয়ে সময়ের অপচয় করা।,futility,সাহিত্যের মর্ম না বোঝা মানুষের মজলিসে গিয়ে গভীর দার্শনিক কবিতা পাঠ করে সে কোনো সমাদর পেল না।
P021,চোরে চোরে মাসতুতো ভাই,অসৎ ও অপরাধী ব্যক্তিরা সহজেই পরস্পরের প্রতি আকৃষ্ট হয়ে গোপন আঁতাত ও বন্ধুত্ব গড়ে তোলে।,complicity,দুর্নীতিগ্রস্ত ঠিকাদার ও ঘুষখোর কর্মকর্তা যোগসাজশ করে সরকারি প্রকল্পের টাকা ভাগাভাগি করে নিল।
P022,যার জ্বালা সেই বোঝে,"যে ব্যক্তি নিজে গভীর দুঃখ ও যন্ত্রণার ভেতর দিয়ে যায়, তার কষ্টের গভীরতা অন্য কেউ পুরোপুরি উপলব্ধি করতে পারে না।",empathy,"সন্তান হারানোর যে গভীর শোক ও শূন্যতা, তা বাইরে থেকে সান্ত্বনা প্রদানকারী প্রতিবেশীরা পরিমাপ করতে পারে না।"
P023,অল্পবিদ্যা ভয়ংকরী,কোনো বিষয়ে গভীর ও পূর্ণ জ্ঞান না রেখে সামান্য জেনেই পণ্ডিতের মতো আচরণ করা মারাত্মক বিপদ ডেকে আনে।,ignorance,ইউটিউব দেখে আধো আধো ধারণা নিয়ে নিজেই গাড়ির ব্রেক মেরামত করতে গিয়ে সে মাঝপথে দুর্ঘটনায় পড়ল।
P024,চকচক করলেই সোনা হয় না,বাহ্যিক রূপ ও চাকচিক্য দেখেই কোনো জিনিসের ভেতরের আসল গুণ বা মূল্য নিশ্চিত হওয়া যায় না।,appearance,ঝলমলে বিজ্ঞাপন ও আকর্ষণীয় মোড়ক দেখে সস্তা প্রসাধনী কিনে ব্যবহার করার পর তার ত্বক মারাত্মকভাবে ক্ষতিগ্রস্ত হলো।
P025,ডুবন্ত মানুষ খড়কুটো ধরেও বাঁচতে চায়,চরম বিপদের মুখে অসহায় মানুষ সামান্যতম বা অকার্যকর সাহায্য পেলেও তা শেষ সম্বল হিসেবে আঁকড়ে ধরার চেষ্টা করে।,desperation,দুরারোগ্য ক্যান্সারে আক্রান্ত রোগীটি আধুনিক চিকিৎসার আশা হারিয়ে হাতুড়ে কবিরাজের জলপড়ায় শেষ আস্থা খুঁজছে।
P026,জলে কুমির ডাঙায় বাঘ,উভয় দিক থেকেই মারাত্মক বিপদের মুখে পড়ে মাঝখানে কোনো পরিত্রাণ বা নিরাপদ পথ না পাওয়া।,dilemma,"অফিসের অনিয়মের সাক্ষী দিলে চাকরি যাবে, আর চুপ করে থাকলে দুদকের মামলায় জড়াতে ভুল হবে না—এমন উভয়সংকট।"
P027,"ভাবিয়া করিও কাজ, করিয়া ভাবিও না","কোনো কাজ শুরু করার আগেই তার ভালো-মন্দ পরিণতি বিচার করা উচিত, কাজ করার পর অনুশোচনা কোনো কাজে আসে না।",prudence,উত্তেজনার বশে না ভেবেই জমি বিক্রির চুক্তিপত্রে সই করে এখন পরিবারের সবাইকে নিয়ে পথে বসার উপক্রম।
P028,পিপীলিকার পাখা ওঠে মরিবার তরে,পতনের পূর্বে মানুষ অহংকারী ও অতিমাত্রায় বেপরোয়া হয়ে নিজের ধ্বংস নিজেই ডেকে আনে।,hubris,ক্ষমতার অপব্যবহার করে আইনকে বৃদ্ধাঙ্গুলি দেখিয়ে সে এমন ঔদ্ধত্য দেখাল যে শেষমেশ গণআন্দোলনে পদচ্যুত হলো।
P029,দশের লাঠি একের বোঝা,কোনো কঠিন কাজ একজন একা সম্পন্ন করতে না পারলেও সবাই মিলে ঐক্যবদ্ধভাবে হাত লাগালে তা সহজেই সমাধান হয়।,unity,গ্রামের ভাঙা সেতুটি একা কারোর পক্ষে তৈরি অসম্ভব হলেও পুরো গ্রামের মানুষ এক হয়ে চাঁদা ও শ্রম দিয়ে দুই দিনে দাঁড় করাল।
P030,তেলা মাথায় ঢালা তেল,"যার ইতোমধ্যে প্রচুর প্রাচুর্য ও সুবিধা আছে, তাকেই আরও বেশি সাহায্য বা সুবিধা প্রদান করার অসম প্রবণতা।",inequality,দরিদ্র গৃহহীনদের ত্রাণের ব্যবস্থা না করে স্থানীয় প্রভাবশালী ধনী ব্যক্তিদের প্রণোদনা প্যাকেজ বরাদ্দ দেওয়া হলো।
P031,'কিছু না’ শিখলে অকাজ করা শেখা হয়।,অলসে সময় কাটানো অকাজের সামিল।,general,দোকানের হিসাব-নিকাশ সময়মতো সম্পন্ন না করে অলস সময় কাটানো ব্যবসায়িক ধস নামানোর প্রধান কারণ হয়ে দাঁড়ায়। সঠিক সময়ে পাওনাদারের টাকা পরিশোধের ব্যাপারে উদাসীন থাকায় দোকানে বড় ধরনের আর্থিক সংকট দেখা দেয়। অলসতার এই খেসারত হিসেবে ক্ষুদ্র ব্যবসায়ীকে একসময় সর্বস্বান্ত হয়ে পথে বসতে হয়।
P032,"অন্ন নাই যার ঘরে, তার মানে কি বা করে",হাভাতের কোন মানসম্মান নেই।,general,বার্ষিক মূল্যায়নে ভালো কাজের স্বীকৃতি পেতে সুমিত বেশ কিছুদিন ধরে উর্ধ্বতন কর্মকর্তাদের পেছনে ঘুরছিল। কিন্তু তার ব্যাংকে পর্যাপ্ত সঞ্চয় না থাকায় কেউ তার দাবিকে গুরুত্ব দিল না। উল্টো আর্থিক সংকটে থাকা কর্মীকে প্রতিষ্ঠান ছাঁটাইয়ের নোটিশ ধরিয়ে দিল।
P033,আপনি যেমন জগৎ তেমন,আপনার আশিতে পরকে দেখা; আপনি ভালো তো জগৎ ভালো',general,সহকর্মীদের সবসময় চক্রান্তকারী ভাবলে কর্মক্ষেত্রে কোনো দিন শান্তি মেলে না। নিজের মনের ভেতর সংশয় পুষে রাখলে চারপাশের সবাইকেই শত্রু বলে মনে হতে থাকে। অথচ আন্তরিক সহযোগিতার হাত বাড়িয়ে দিলে অফিস পরিবেশ এক নিমিষে বদলে যায়।
P034,ইচ্ছার ভার বোঝা মনে হয় না,যার কাজ করার ইচ্ছা আছে সে আনন্দের সাথে কাজ করে; তার কাছে কাজ করাতে কষ্টবোধ হয় না।,general,বার্ষিক মূল্যায়নের আগে নতুন একটি বিশাল প্রকল্পের নেতৃত্ব দেয়ার প্রস্তাব পেল অয়ন। সে গভীর রাতেও অফিসের ল্যাপটপ খুলে অত্যন্ত আনন্দের সঙ্গে প্রতিটি প্রেজেন্টেশন নিখুঁতভাবে তৈরি করল। তার এই স্বতঃস্ফূর্ত আগ্রহ দেখে ব্যবস্থাপনা কর্তৃপক্ষ তাকে দ্রুত উচ্চ পদে উন্নীত করল।
P035,"ঈশ্বর ঈশ্বর করে যেই, তার ঘরে ভাত নেই",শুধু ভজনায় কার্যসিদ্ধি হয় না।,general,নিয়মিত ওষুধ খাওয়া ও ডায়েট মেনে চলা বাদ দিয়ে কেবল ডাক্তারের অলৌকিক নিরাময়ের আশায় ছিলেন রোগী করিম। সময়মতো প্রয়োজনীয় টেস্টগুলো তিনি সম্পন্ন করাননি। যার ফলে তার শারীরিক অবস্থার আরও মারাত্মক অবনতি ঘটে।
P036,উচিৎ কথার ভাত নাই,উচিৎ কথা দাম পায় না।,general,"বার্ষিক মূল্যায়নের সময় জ্যেষ্ঠ কর্মকর্তাদের সামনে প্রকল্পের বাস্তব ত্রুটিগুলো জোরালোভাবে তুলে ধরেছিল অর্ণব। সে ভেবেছিল সত্য প্রকাশ করলে কাজের মান উন্নত হবে কিন্তু ব্যবস্থাপনা পর্ষদ তার ওপর ক্ষুব্ধ হলো। ফলে, তোষামোদকারী সহকর্মীরা পদোন্নতি পেলেও সে বঞ্চিত রয়ে গেল।"
P037,ঊনো পাঁজুরে বরাখুরে,"হতভাগ্য, অলুক্ষণে বলে গালি।",general,বার্ষিক মূল্যায়নের ঠিক আগের দিন রোহিত সবচেয়ে কঠিন প্রজেক্টের দায়িত্ব নিজের কাঁধে তুলে নিল। সে নিজের সেরাটা দিয়ে কাজ শেষ করলেও সার্ভার ক্র্যাশ করার কারণে প্রজেক্ট সময়মতো জমা দিতে পারল না। শেষ পর্যন্ত বসের ভর্ৎসনা শুনে তার সমস্ত পদোন্নতির সম্ভাবনা চিরতরে ধূলিস্যাত হয়ে গেল।
P038,ঋণং কৃত্বা ধৃতং পিবেৎ,ক্ষণস্থায়ী জীবন দুদিন বইত নয়; সুতরাং যত পারো সুখ ভোগ করে নাও।,general,"ম্যানেজারের কৃপা পেতে রমিত নিজের সামর্থ্যের অতিরিক্ত লোন নিয়ে বিলাসবহুল গাড়ি কিনে ফেলল। সে ভাবল বর্তমান সুযোগটাই সব, তাই ভবিষ্যতের কথা না ভেবে বেতনের পুরো টাকাই জীবনযাত্রার পেছনে ওড়াল। শেষ পর্যন্ত কিস্তির চাপে পড়ে তাকে অফিসেই চরম মানসিক অবসাদের মুখে পড়তে হলো।"
P039,এক ছেলে যার হাজার মানত তার,মা-বাবা অজানা আশঙ্কায় সবসময় ভীত থাকে।,general,অফিসের সবচেয়ে গুরুত্বপূর্ণ প্রজেক্টটি শেষ করার পর থেকেই তানভীর ভাইয়ের মনে এক অজানা আতঙ্ক কাজ করছে। তিনি প্রতিদিন রাতে বাড়ি ফিরেও ল্যাপটপ খুলে বারবার কোডগুলো চেক করছেন যাতে শেষ মুহূর্তে কোনো বড় ভুল ধরা না পড়ে। এই অতিরিক্ত সতর্কতার কারণে তার ওপরের স্তরের কর্তাব্যক্তিদের মন রক্ষা হলেও তার নিজের রাতের ঘুম সম্পূর্ণ উবে গেছে।
P040,ঐ দিন আর নাইরে নাথু খাবলা খাবলা খাবা ছাতু,সুযোগ নেবার দিন শেষ।,general,বিগত বছরগুলোতে সহকর্মীদের পেছনে ফেলে অফিসের ভুল তথ্যের ওপর ভিত্তি করে অনেকে উচ্চ পদ বাগিয়ে নিয়েছিল। বর্তমান ব্যবস্থাপনা পরিচালক আসার পর প্রতিটি কাজের স্বচ্ছতা ও পারফরম্যান্স যাচাই শুরু হয়েছে। ফলে জালিয়াতি করে সুবিধা নেওয়ার সেই স্বর্ণযুগ পুরোপুরি সমাপ্ত হয়েছে।
P041,ওঝার ঘাড়ে ভূতের বোঝা,রক্ষাকর্তার উপর অতিরিক্ত চাপ; যে ব্যক্তি বিপদ থেকে রক্ষা করে সেই বিপদে পড়েছে।,general,অফিসের সব সংকট দূর করার জন্য সিনিয়র ম্যানেজারকে বিশেষ দায়িত্ব দেওয়া হলো। কিন্তু ঊর্ধ্বতন কতৃপক্ষের ভুল সিদ্ধান্তের কারণে উল্টো তার নিজের ওপর ছাঁটাইয়ের খড়্গ নেমে এল। এতে পুরো টিম রক্ষা পেলেও সেই ত্রাণকর্তা নিজেই চাকরি হারানোর আশঙ্কায় পড়ে গেলেন।
P042,"ঔষুধার্থে সুরাপান, পান না বাড়ালেই থাকে মান",পরিমিত সুরাপান স্বাস্থ্যের পক্ষে ভাল।,general,অফিসের বসের অতিরিক্ত তোষামোদ করা কর্মজীবনের অগ্রগতির জন্য ক্ষতিকর হতে পারে। তাই সহকর্মী অর্ক কাজের বেলায় পেশাদার দূরত্ব বজায় রেখে নিজের দায়িত্বটুকু নিখুঁতভাবে পালন করল। এর ফলে সে অফিসে কারো বিরাগভাজন না হয়েই নিজের মেধার জোরে কাঙ্ক্ষিত পদোন্নতি পেল।
P043,"কাজের কথা মনেই থাকুক, মুখে প্রকাশ করো না",মূল্যবান কথা পাঁচকান কর'তে নেই।,general,অফিসের পরবর্তী বড় পদোন্নতির জন্য সুনির্দিষ্ট কৌশলগত পরিকল্পনা সে নিজের ডেস্কে বসে একাই তৈরি করেছিল। সহকর্মীদের কাছে সেই গোপন কৌশল ফাঁস না করে সে সম্পূর্ণ নীরবতা বজায় রেখে কাজ চালিয়ে গেল। শেষ পর্যন্ত সে ছাড়া অন্য কেউ সেই লোভনীয় পদটি পেল না।
P044,খড়ের আগুন যেমনি জ্বলে তেমনি নেভে,"বদরাগীর রাগ চড়তে দেরী হয় না পড়তেও দেরী হয় না; কাজে তাড়াতাড়ি উৎসাহ আসে, আবার তাড়াতাড়ি উৎসাহ উবেও যায়।",general,নতুন একটি প্রোজেক্ট হাতে পাওয়ার সাথে সাথেই রবিন চরম উৎসাহ নিয়ে কাজ শুরু করেছিল। সে রাতদিন এক করে দ্রুত একটি খসড়া রিপোর্ট তৈরি করে ফেলল। কিন্তু প্রথম দফার সামান্য ত্রুটি ধরা পড়তেই তার সব উদ্দীপনা নিমেষেই মিলিয়ে গেল।
P045,গাছে উঠতে পারে না বড় আমটি আমার,অতিরিক্ত/অন্যায় আবদার।,general,অফিসে সবেমাত্র যোগ দেওয়া নতুন কর্মীটি কোনো জটিল প্রজেক্টের কোড বুঝতে না পেরেও সরাসরি পরিচালক পদের জন্য আবেদনপত্র জমা দিল। অথচ তার বেসিক কাজের অভিজ্ঞতাটুকুও ঠিকমতো তৈরি হয়নি। এই ধরনের অবাস্তব দাবি দেখে পুরো ম্যানেজমেন্ট দল অবাক হয়ে গেল।
P046,"ঘরদোর নেইকো যার, আগুনে ভয় কি তার",অভাগার কিছুতে ভয় পাওয়ার নেই।,general,"অফিসের সিনিয়র ম্যানেজার হঠাৎ করে সব কর্মীর বার্ষিক পারফরম্যান্সের ওপর ছাঁটাইয়ের খড়্গ নামালেন। এই আকস্মিক পদক্ষেপে সবাই যখন নিজের চাকরি টিকিয়ে রাখতে চরম উৎকণ্ঠায় দিন কাটাচ্ছিল, তখন নতুন যোগ দেওয়া শিক্ষানবিস কর্মীটি নির্ভার রইল। কারণ তার হারানোর মতো কোনো স্থায়ী পদ বা বিশেষ সুযোগ-সুবিধা আগে থেকেই ছিল না।"
P047,চোর চুরি না করতে পারলে সাধু হয়,চোরে সাধুতে তফাৎ নেই,general,অফিসের সিনিয়র ম্যানেজার পদটির জন্য দীর্ঘদিন ধরে তীব্র গোপন প্রতিযোগিতা চলছিল। কিন্তু হঠাৎ কোনো এক অডিট দল এসে সব হিসাব পাল্টে দিল এবং শীর্ষ পদের প্রার্থীর গোপন দুর্নীতির ফাইল প্রকাশ পেল। ফলে নীতিবান বলে পরিচিত সেই কর্মকর্তা তখন আর নিজের সততা প্রমাণের কোনো সুযোগ পেলেন না।
P048,ছাই পায় না মুড়কি জলপান,যোগ্যতার অতিরিক্ত আশা করা; অল্প পাওয়ার আশা নেই বেশি পাওয়ার আকাঙ্ক্ষা।; হাস্যজনক অভিলাষ।,general,অফিসে সবেমাত্র যোগ দেওয়া নতুন কর্মীটি কোনো বড় প্রোজেক্টের সাফল্য ছাড়াই হঠাৎ করেই সিনিয়র ডিরেক্টর পদ চেয়ে বসল। সে প্রতিষ্ঠানের নিয়মকানুন না জেনেই সরাসরি প্রধান নির্বাহীর কাছে ইমেল পাঠিয়ে বসল। ফলে ব্যবস্থাপনা পর্ষদ তার এমন অবাস্তব উচ্চাশা দেখে কেবল হাসাহাসি করল।
P049,"জলের শত্রু পানা, মানুষের শত্রু কানা",প্রকৃত গুণগ্রাহীরাই গুণীর গুণের কদর করতে পারে।,general,"অফিসের নতুন টিম লিড পদের জন্য প্রজেক্ট ম্যানেজমেন্টে অভিজ্ঞ অনির্বাণের নাম প্রস্তাব করা হয়েছিল। কিন্তু ব্যবস্থাপনা পর্ষদের এক সদস্য যারা নিজেরা কারিগরি কাজে অজ্ঞ, তারা অনির্বাণের কাজের প্রকৃত মূল্য বুঝতে ব্যর্থ হন। ফলে দীর্ঘদিন ধরে নিখুঁত কোডিং ও নেতৃত্ব দেওয়া সত্ত্বেও সে কাঙ্ক্ষিত পদোন্নতি থেকে বঞ্চিত হয়।"
P050,ঝাঁকি/ঝাঁঝরি বলে চালনি তুই বড় ছেঁদা,নিজের দোষ দেখে না পরের দোষ খুঁজে বেড়ায়; পরছিদ্রান্বেষী।,general,মিটিংয়ে আরিফ সাহেবের নিজের প্রজেক্টের বহু ভুল ও অব্যবস্থাপনা গোপন রেখেই তিনি বারবার সহকর্মীদের সামান্য টাইপিং ভুলের তীব্র সমালোচনা করেন। অথচ তিনি নিজেই গত সপ্তাহে কোম্পানির একটি অত্যন্ত গুরুত্বপূর্ণ ক্লায়েন্ট রিপোর্ট জমা দিতে সম্পূর্ণ ব্যর্থ হয়েছিলেন। শেষ পর্যন্ত ব্যবস্থাপনা কর্তৃপক্ষ তার এই অন্যের ত্রুটি খোঁজার স্বভাব ধরে ফেললে তার পদোন্নতির সুযোগ চিরতরে হাতছাড়া হয়ে যায়।
P051,টাকা যার মামলা/শক্তি তার,অর্থের কাছে বিচার নতজানু হয়; অর্থের জোরে বিচার কেনা যায়; যে বেশি খরচ করে সে মকদ্দমায় জেতে।,general,বার্ষিক মূল্যায়নে অফিসের সিনিয়র কর্মকর্তার নজর কাড়তে মেধাবী কর্মীরা কঠোর পরিশ্রম করলেও শীর্ষ পদটি পেল এক লবিংকারী অলস কর্মী। শীর্ষ ব্যবস্থাপনা পর্ষদের এক সদস্যের সাথে ওই কর্মীর গোপন আর্থিক লেনদেন থাকায় সমস্ত নিয়ম শিথিল করা হয়। ফলে বছরের পর বছর সততার সাথে কাজ করা জ্যেষ্ঠ কর্মকর্তারা বঞ্চনার শিকার হয়ে হতাশায় নিমজ্জিত হলেন।
P052,ঠেলায় না পড়লে বিড়াল গাছে ওঠে না,বিপদে পড়লে যে কোনভাবে আত্মরক্ষা করতে হয়। ।,general,বার্ষিক মূল্যায়নের ঠিক আগের রাতে কর্মীর চাকরির মেয়াদ শেষ হওয়ার নোটিশ আসে। তখন সে রাতভর পরিশ্রম করে সমস্ত অসমাপ্ত প্রজেক্ট জমা দেয়। তার এই আকস্মিক তৎপরতা দেখে ঊর্ধ্বতন কর্তৃপক্ষ তাকে পদোন্নতি দিতে বাধ্য হয়।
P053,ডানহাতের কাজ বামহাত যেন না জানে,কোন গোপন কাজ কেউ যেন না জানে।,general,বার্ষিক পদোন্নতির জন্য সুমিত গোপনে তার নতুন প্রজেক্টের নীল নকশা তৈরি করছিল। সে সহকর্মীদের ঘুণাক্ষরেও বুঝতে দেয়নি সে কতটা পরিশ্রম করছে। শেষ পর্যন্ত গোপনীয়তা রক্ষা করায় প্রতিদ্বন্দ্বীরা টের পাওয়ার আগেই সে শীর্ষ পদে উন্নীত হলো।
P054,ঢাকের দায়ে মনসা বিক্রি,আসল খরচ থেকে আড়ম্বরের খরচ বেশি; অসার বাহ্যাড়ম্বর করতে গিয়ে আসল জিনিস হারানো।,general,"বার্ষিক পদোন্নতির পার্টিতে বসের মন জয় করতে গিয়ে সুমিত তিন মাসের জমানো সম্পূর্ণ বেতন খরচ করে এক বিলাসবহুল অনুষ্ঠানের আয়োজন করেছিল। শেষ পর্যন্ত কাঙ্ক্ষিত পদোন্নতি তো দূরে থাক, উল্টো বিশাল ঋণের বোঝা ঘাড়ে নিয়ে সে নিজের শেষ সম্বলটুকু হারাতে বসেছে। অসার বাহ্যিক প্রদর্শনীতে অতিরিক্ত ব্যয় করতে গিয়ে তার ক্যারিয়ারের আসল নিরাপত্তা আজ চরম সংকটে পড়েছে।"
P055,"তলোয়ার যার, দেশ তার- পাঞ্জাবী প্রবাদ",জিস্‌কি লাঠ উস্‌কি ভৈঁস; জিস্দা‌ তেগ উস্‌দা দেগ; জোর যার মুল্লুক তার; লাঠি যাঢ় মাটি তার।,general,অফিসের বার্ষিক মূল্যায়নে ভালো ফলাফলের জন্য অনেক জুনিয়র কর্মী কঠোর পরিশ্রম করলেও শেষ মুহূর্তে ঊর্ধ্বতন কর্মকর্তাদের তোষামোদকারীরাই সমস্ত কৃতিত্ব কেড়ে নেয়। যোগ্যতা থাকা সত্ত্বেও পেছনের সারির কর্মীরা সুযোগ পায় না। ফলে ক্ষমতার কেন্দ্রের কাছাকাছি থাকা ব্যক্তিরাই কাঙ্ক্ষিত পদোন্নতি ও ইনক্রিমেন্ট নিশ্চিত করে।
P056,থলি ভর্তি হওয়ার আগে মুখ বাঁধো,সবকিছু নিয়ন্ত্রণে রাখার প্রতি ইঙ্গিত।,general,পাইকারি বাজারে পণ্যের চাহিদা বৃদ্ধি পাওয়ার সাথে সাথেই বাকি বা বাকিতে পণ্য বিক্রি করার প্রবণতা কঠোরভাবে নিয়ন্ত্রণ করলাম। নতুন ক্রেতাদের ক্ষেত্রে নগদ লেনদেন নিশ্চিত করে তবেই পণ্যের চালান গুদাম থেকে বের করলাম। এর ফলে ব্যবসার মূলধন সুরক্ষিত রইল এবং বাজারের চরম অর্থনৈতিক সংকটের মাঝেও দেনার চাপে পড়তে হয়নি।
P057,"দিনে বাতি যার ঘরে, তার ভিটায় ঘুঘু চরে",অবিবেচকের মত কাজ করলে দুর্দশায় পড়তে হয়।,general,অফিসে গুরুত্বপূর্ণ একটি প্রকল্পের সময়সীমা ঘনিয়ে আসলেও সিনিয়র ম্যানেজার কোনো ধরনের ব্যাকআপ পরিকল্পনা তৈরি করলেন না। তিনি সহকর্মীদের বারবার সতর্কবার্তা উপেক্ষা করে সম্পূর্ণ কাজটির জন্য মাত্র একজন নতুন কর্মীর ওপর অন্ধ ভরসা রাখলেন। শেষ পর্যন্ত নির্ধারিত সময়ে প্রজেক্ট জমা দিতে না পারায় কোম্পানি বড় ক্ষতির মুখে পড়ল এবং তাকে পদাবনতি দেওয়া হলো।
P058,ধর্মের ঘরে পাপ সয় না,যে বংশে চিরকাল ধর্ম রক্ষিত হয়েছে সেই বংশে একটুও পাপ ঢুকলে পাপের ফল সঙ্গে সঙ্গে ফলে যায়।,general,"প্রতিষ্ঠানের দীর্ঘদিনের সততার ঐতিহ্য ভেঙে সিনিয়র ম্যানেজার অবৈধ পন্থায় নিজের আত্মীয়কে বড় পদে বসানোর সুপারিশ করলেন। অসাধු উপায়ে তৈরি সেই পদোন্নতির ফাইল বোর্ডে ওঠার সাথে সাথেই বিগত ত্রিশ বছরের স্বচ্ছ হিসাবের অডিট চলাকালীন এই গরমিল ধরা পড়ে গেল। ফলে মুহূর্তের মধ্যে তার চাকরি তো গেলই, সাথে প্রতিষ্ঠানের দীর্ঘদিনের সম্মানও ধুলোয় মিশে গেল।"
P059,নুন খাই যার গুণ গাই তার,উপকারীর উপকার করা/ঋণ স্বীকার করা; উপকারীর প্রতি উপকৃতের কৃতজ্ঞতা স্বীকার।,general,"চাকরির প্রথম বছরগুলোতে কঠিন সময়ে মানবসম্পদ বিভাগের প্রধান আমাকে চাকরি বাঁচাতে সহায়তা করেছিলেন। পরবর্তীতে যখন শীর্ষ ব্যবস্থাপনার পক্ষ থেকে নতুন পদোন্নতির জন্য আমার নাম চাওয়া হলো, তখন আমি অত্যন্ত নিষ্ঠার সাথে তার প্রতিটি নির্দেশনা পালন করি। শেষ পর্যন্ত তার সেই দূরদর্শী সিদ্ধান্তের ফলেই আমি আজ প্রতিষ্ঠানের একজন গুরুত্বপূর্ণ পরিচালক হিসেবে উন্নীত হয়েছি।"
P060,"পা না ভিজল যার, বড় কৈমাছটা তার",পরের পরিশ্রমের ফলে ভাগদারীর অন্যায় দাবি; একটুও না খেটে বেশিভাগ পাওয়ার অন্যায় দাবী।,general,"অফিসে পুরো একটি প্রকল্প সফল করতে রাতের পর রাত অক্লান্ত পরিশ্রম করলেন জুনিয়র কর্মকর্তারা। কিন্তু ফাইনাল প্রেজেন্টেশনের দিন কোনো কষ্ট না করেই সব কৃতিত্ব নিজের কাঁধে তুলে নিলেন ঊর্ধ্বতন ম্যানেজার। ফলস্বরূপ, জুনিয়রদের বঞ্চিত করে একাই কোম্পানির সেরা ইনসেনটিভ ও পদোন্নতি বাগিয়ে নিলেন তিনি।"
P061,ফল খেয়ে জল খায়; যম ডাকে আয় আয়- খনা,স্বাস্থ্যের পক্ষে বিষবৎ।,general,অফিসে নতুন পদোন্নতি পাওয়ার আনন্দে অহিদুল সাহেব রাতে অতিরিক্ত তৈলাক্ত খাবার খেয়ে ফেললেন। পরদিন সকালেই তার তীব্র গ্যাস্ট্রিকের সমস্যা দেখা দিল এবং জরুরি মিটিংয়ে অংশ নিতে পারলেন না। এই চরম অসাবধানতার কারণে তার বহুদিনের সাধের পদোন্নতি হাতছাড়া হয়ে গেল।
P062,"বাবু যত বলে, পারিষদ বলে তার শতগুণ",মোসাহেব বেশি তড়পানি; বাঁশের চেয়ে কঞ্চি দড়।,general,"অফিসের ঊর্ধ্বতন কর্মকর্তা কেবল একটি সাধারণ প্রকল্পের কথা উল্লেখ করেছিলেন। তার অধীনস্থ নতুন কর্মীটি সেই নির্দেশনাকেই আকাশছোঁয়া সাফল্যের দাবি হিসেবে সবার সামনে প্রচার করতে শুরু করল। ফলস্বরূপ, বাকি সহকর্মীদের মধ্যে তীব্র অসন্তোষ তৈরি হলো এবং ওই অতিউৎসাহী কর্মীর গ্রহণযোগ্যতা দ্রুত কমতে থাকল।"
P063,ভাইয়ের ভাত ভাজের হাত,যে বোন ভায়ের অন্নে প্রতিপালিত সে ভাই-বৌয়ের কর্তৃত্ব মেনে নেয।,general,"প্রতিষ্ঠানের মূল তহবিল থেকে নিয়মিত আর্থিক সহায়তা পাওয়ার কারণে জুনিয়র কর্মকর্তাটি শীর্ষ ব্যবস্থাপনার প্রতিটি অন্যায্য সিদ্ধান্ত নীরবে মেনে নেয়। সে নিজের যোগ্যতার চেয়ে ঊর্ধ্বতন কর্তাদের অনুগ্রহের ওপর বেশি নির্ভরশীল হয়ে পড়ে। ফলস্বরূপ, যেকোনো অন্যায় নির্দেশ পেলেও সে প্রতিবাদ করার সাহস হারিয়ে ফেলে।"
P064,ময়ূরের নৃত্য দেখে ছাতার পাখি নাচে,গুণীর গুণপনা দেখে নির্গুণও অনুকরণ করতে চায়; অক্ষম বাসনা।,general,পদার্থবিজ্ঞানের মেধাবী ছাত্র প্রীতম জটিল থিসিস পেপারে আন্তর্জাতিক পুরস্কার পাওয়ার পর থেকেই অনুত্তীর্ণ ছাত্র নিলয়ও রাতারাতি নোবেল মানের গবেষণাপত্র লেখার অবাস্তব জেদ ধরে বসল। সে ল্যাবরেটরির বেসিক যন্ত্রপাতি ব্যবহারের নিয়ম না জেনেই বড় বড় এক্সপেরিমেন্ট করতে হাত দিল। যার ফলে ল্যাবের মূল্যবান কেমিক্যাল নষ্ট হলো এবং সে বিভাগীয় কর্তৃপক্ষের তীব্র তিরস্কারের মুখে পড়ল।
P065,"যার ট্যাঁকে টাকা, তার কথা বাঁকা",বিত্তশালীরা উদ্ধতভাবে কথা বলে।,general,অফিসের সিনিয়র ম্যানেজার বার্ষিক মূল্যায়নে জুনিয়র সহকর্মীদের তীব্র ভাষায় অপমান করলেন। অথচ প্রমোশন কমিটির সবাই তার বিশাল ব্যাংক ব্যালেন্স দেখে মুখ বুজে সহ্য করল। ক্ষমতার অহংকার এমন পর্যায়ে পৌঁছেছে যে তিনি কাউকে মানুষ বলেই গণ্য করছেন না।
P066,রাতের তারা থাকে দিনের আলোর আড়ালে,ঐশ্বর্যের আড়ালে দীনদুঃখীরা হারিয়ে যায়।,general,উৎস কোডের চোখ ধাঁধানো ইউজার ইন্টারফেস আর চমৎকার অ্যানিমেশন দেখে ক্লায়েন্ট মুগ্ধ হয়ে পুরো পেমেন্ট পরিশোধ করে দিলেন। কিন্তু পর্দার অন্তরালে লুকিয়ে থাকা জটিল মেমোরি লিক এবং বাগগুলো সার্ভার ক্র্যাশ করাতে শুরু করল। শেষ পর্যন্ত সাধারণ ব্যবহারকারীরা চরম ভোগান্তির মুখে পড়ে সিস্টেমের ওপর থেকে আস্থা হারিয়ে ফেললেন।
P067,লাঠি যার মাটি তার,"যে শক্তি ধরে, সে ভোগ করে",general,একটি জটিল প্রজেক্টের কোডিংয়ে বড় ধরনের ত্রুটি ধরা পড়ায় ক্লায়েন্ট নির্ধারিত সময়ে কাজ জমা দিতে প্রচণ্ড চাপ সৃষ্টি করছিল। কিন্তু দক্ষ ডেভলপার দলটি কৌশলগতভাবে কোডের মডিউল পরিবর্তন করে দ্রুত সমস্যা সমাধান করে ফেলল। এতে ক্লায়েন্ট মুগ্ধ হয়ে পুরো পেমেন্টসহ তাদেরকেই পরবর্তী কাজের একক দায়িত্ব বুঝিয়ে দিল।
P068,শয়তানকেও তার পাওনা দিও,তোমার অপছন্দের লোকেরও যদি কিছু গুণ থাকে তবে তার প্রশংসা করো।,general,"অফিসের সিনিয়র ম্যানেজার পদে পদোন্নতির লড়াইয়ে অর্ঘ্যর প্রধান প্রতিদ্বন্দ্বী ছিল ঋদ্ধিমান, যার সাথে তার ব্যক্তিগত সম্পর্ক একদমই ভালো ছিল না। কিন্তু বার্ষিক মূল্যায়নের বৈঠকে অর্ঘ্য কোনো পক্ষপাতিত্ব না করে ঋদ্ধিমানের চমৎকার প্রজেক্ট ম্যানেজমেন্ট দক্ষতার খোলাখুলি প্রশংসা করে। এর ফলে ম্যানেজমেন্টের কাছে তার পেশাদারিত্বের উচ্চ মূল্যায়ন হয় এবং কর্মক্ষেত্রে সুস্থ প্রতিযোগিতার পরিবেশ তৈরি হয়।"
P069,ষাঁড়ের শত্রু বাঘে খায়,এক শত্রু অন্য শত্রুদ্বারা বিনষ্ট; যা শত্রু পরে পরে।,general,অফিসের সিনিয়র ম্যানেজার পদটির জন্য দুই সহকর্মী নিজেদের মধ্যে তীব্র কাদা ছোড়াছুড়ি শুরু করেছিলেন। শেষ পর্যন্ত তাদের পারস্পরিক দ্বন্দ্বের সুযোগ নিয়ে ঊর্ধ্বতন কর্তৃপক্ষ এমন একজনকে সেই পদে বসালেন যিনি তাদের দুজনকে সম্পূর্ণ এড়িয়ে চলতেন। ফলে ওই প্রতিদ্বন্দ্বীদের দীর্ঘদিনের লবিং নিমিষেই ধূলিসাৎ হয়ে গেল।
P070,সামনে দরজা খোলা পেলে সাধুও চোর হয়,মানুষমাত্রই রিপুর বশ; আলগা দিলে সন্ন্যাসীও মাতে।,general,অফিসের হিসাব বিভাগের দায়িত্বে থাকা অত্যন্ত সৎ কর্মকর্তা হঠাৎ কোড পরিবর্তন করার সুযোগ পেয়ে গেলেন। নিজের অজান্তেই তার মধ্যে লোভ জাগল এবং তিনি মুহূর্তের মধ্যে তহবিল থেকে অতিরিক্ত অর্থ সরিয়ে ফেললেন। শেষ পর্যন্ত নিরীক্ষায় এই অনি ধরা পড়ায় তার দীর্ঘদিনের সম্মান ধুলোয় মিশে গেল।
P071,হাতি যেমন খায় তেমনি নাদে,বড়লকের যেমন আয় তেমনি ব্যয়।,general,"অফিসের শীর্ষ পদে উন্নীত হওয়ার পর নতুন ব্যবস্থাপক তার জীবনযাত্রার মান বহুগুণ বাড়িয়ে দিলেন। তিনি বিলাসবহুল গাড়ি কেনাসহ বিলাসবহুল জীবনযাপন শুরু করলেন, যা তার স্ফীত বেতনের সঙ্গেই কেবল সামঞ্জস্যপূর্ণ ছিল। শেষ পর্যন্ত তার বিপুল আয়ের বিপরীতে অতিরিক্ত খরচগুলো এমন পর্যায়ে পৌঁছাল যে মাস শেষে সঞ্চয়ের খাতা শূন্যই থেকে গেল।"
P072,‘কিছু না’ করা কুকাজ করার সামিল,না এগুনোর অর্থ পিছিয়ে যাওয়া।,general,"শরীফ সাহেব দীর্ঘদিন ধরে একই পদে আটকে আছেন এবং নতুন কোনো দায়িত্ব নিতে অস্বীকৃতি জানান। সহকর্মীরা যখন আধুনিক প্রযুক্তির প্রশিক্ষণ নিচ্ছিল, তখন তিনি নিজের কমফোর্ট জোনে বসে অলস সময় কাটাচ্ছিলেন। এর ফলে যোগ্যতার দৌঁড়ে তিনি পিছিয়ে পড়েন এবং জুনিয়র কর্মীরা তার উপরে পদোন্নতি পেয়ে যায়।"
P073,'চিরদিন কারো সমান নাহি যায়'- নজরুল,চিরকাল সমান যায় না; ভাগ্য ওঠানামা করে; সুখ-দুঃখে মিশ্রিত জীবন,general,"অফিসের সিনিয়র ম্যানেজার যখন অতিরিক্ত ক্ষমতার অপব্যবহার করে জুনিয়রদের ওপর অন্যায় চাপ সৃষ্টি করছিলেন, তখন সবাই চুপ ছিলেন। হঠাৎ এক নতুন অডিট টিম এসে তার দুর্নীতির সব তথ্য ফাঁস করে দিল এবং তাকে বরখাস্ত করা হলো। এতে প্রমাণিত হলো যে ক্ষমতার দাপট সবসময় একরকম থাকে না এবং অন্যায় বেশিদিন টিকে থাকে না।"
P074,অকেজো মানুষের কথা বেশি কাজ কম,কাজে ফাঁকি দিতে বা অক্ষমতা ঢাকতে বেশি কথা বলার প্রয়োজন হয়।,general,বার্ষিক মূল্যায়নের সময় আসার পর থেকেই অর্ঘ্য সাহেব নিজের দায়িত্বের বিন্দুমাত্র অগ্রগতি না ঘটিয়ে কেবল উচ্চপদস্থ কর্মকর্তাদের সামনে নিজের অবদান জাহির করতে লম্বা লম্বা পরিকল্পনা উপস্থাপন করলেন। তিনি সহকর্মীদের ছোট করে মিটিংয়ে কেবল নিজের মুখেই বড় বড় লেকচার দিতে লাগলেন। অথচ দিনশেষে তার কোনো প্রজেক্টই সময়মতো জমা হলো না এবং শেষ পর্যন্ত তার সেই ঢাকঢোল পেটানো পদোন্নতির তালিকায় কোনো প্রভাব ফেলল না।
P075,আপনি যেমন ঢেমন জগৎ দেখি তেমন,"যে নিজে দুশ্চরিত্র, ষে অপরকে দুশ্চরিত্র ভাবে।",general,সহকর্মীদের পেছনে নিয়মিত কুৎসা রটিয়ে নিজের যোগ্যতা জাহির করার চেষ্টা করতেন সিনিয়র ম্যানেজার। পদোন্নতির চূড়ান্ত তালিকায় নিজের নাম না দেখে তিনি উল্টো কোম্পানির সবাইকেই দুর্নীতিবাজ হিসেবে অভিযুক্ত করলেন। অথচ তার নিজের অনিয়ম ও চাটুকারিতাই তার ব্যর্থতার মূল কারণ ছিল।
P076,ইঙ্গিতে বুঝলে মন কাজ হতে কতক্ষণ,মন পড়তে পারলে কাজ হতে বেশি দেরী হয় না।,general,বসের চোখের ভাষা পড়ে তার কাঙ্ক্ষিত প্রস্তাবটি আগেই তৈরি করে ফেললেন কর্মী। তিনি ঠিক সময়ে ফাইলটি টেবিলে উপস্থাপন করায় কর্তৃপক্ষ মুগ্ধ হয়ে তাকে উচ্চপদে উন্নীত করলেন। ফলে অতি অল্প সময়ে তার পেশাগত জীবনের বড় সফলতা অর্জিত হলো।
P077,"ঈশ্বর করেন কাম, মানুষের বদনাম",তিনিচালান আমরা চলি; দোষ হলে তাঁরই দোষ।,general,বোর্ডের নির্দেশমতোই প্রজেক্টটির সম্পূর্ণ রূপরেখা তৈরি করা হয়েছিল। ঊর্ধ্বতন কর্তৃপক্ষের বেঁধে দেওয়া নিয়মের বাইরে একচুলও নড়চড় করা হয়নি। শেষমেষ লক্ষ্যমাত্রা অর্জিত না হওয়ায় সমস্ত তিরস্কারের তীর এসে পড়ল আমাদের কর্মীদলের ওপর।
P078,উচিত কথায় বন্ধু/মামা বেজার,সত্যকথা কেউ শুনতে নারাজ; সত্যকথা বললে আপনজনও অপছন্দ করে; সুতরাং মা ব্রুয়াৎ সত্যমপ্রিয়ম।,general,প্রতিষ্ঠানের শীর্ষ নির্বাহীর নেওয়া একটি ভুল কৌশলগত প্রকল্পের কারণে বড় ধরনের আর্থিক ক্ষতির সম্ভাবনা তৈরি হয়েছিল। জুনিয়র ব্যবস্থাপক হিসেবে সে সবার সামনে নীতিনির্ধারকদের এই ত্রুটি ও ঝুঁকিগুলো সরাসরি ধরিয়ে দেয়। এর ফলে ঊর্ধ্বতন কর্তৃপক্ষ তার ওপর বিরক্ত হয় এবং পরবর্তী পদোন্নতির তালিকা থেকে তার নাম বাদ দেওয়া হয়।
P079,"ঊনো ভাতে দুনো বল, অতি ভাতে রসাতল","পরিমিত আহারে স্বাস্থ্য রক্ষা হয়, অপরিমিত আহারে স্বাস্থ্য নষ্ট হয়।",general,কোডিংয়ের সময় তানভীর কোড সংক্ষিপ্ত ও পরিচ্ছন্ন রাখার চেষ্টা করল। সে অপ্রয়োজনীয় প্লাগইন বাদ দিয়ে কেবল দরকারী ফাংশনগুলো যুক্ত করল। এর ফলে সফটওয়্যারটি দ্রুত গতিতে রান করল এবং ক্লায়েন্ট তাকে পাঁচ স্টার রেটিং দিল।
P080,ঋদ্ধিশ্চিত্তবিকারিণী,সম্পদ চিত্তে বিকার আনয়ন করে।,general,"অফিসে হঠাৎ করে মোটা অংকের ইনক্রিমেন্ট ও উচ্চপদ পাওয়ার পর থেকে সবিনয়ের আচরণ বদলে ফেলল তানভীর। সে অধস্তন সহকর্মীদের সাথে অত্যন্ত রূঢ় ভাষায় কথা বলতে শুরু করল এবং নিজের ক্ষমতার অপব্যবহার করতে লাগল। ফলস্বরূপ, চারপাশের সবাই তার থেকে মুখ ফিরিয়ে নিল এবং তার একসময়ের ঘনিষ্ট বন্ধুরা ও দূরবর্তী হয়ে গেল।"
P081,একে মা রাঁধেনা তার ওপর তপ্ত আর পান্তা,"সামান্য বিষয় জোটে না, অসামান্যের দাবী; অনায্য দাবী।",general,"প্রতিষ্ঠানে যোগদানের এক মাস পূর্ণ না হতেই প্রতীক সাহেব সোজা মহাব্যবস্থাপক পদের জন্য আবেদনপত্র জমা দিলেন। অথচ তাঁর সাধারণ দৈনিক কাজগুলোর মানই এখনো সন্তোষজনক পর্যায়ে পৌঁছায়নি। ফলস্বরূপ, ব্যবস্থাপনা পর্ষদ তাঁর এমন অযৌক্তিক উচ্চাশা দেখে শুধু হাসাহাসি করল।"
P082,"ঐশ্বর্য অর্জন করা সহজ, রক্ষা করা কঠিন।",ধনসম্পদ যত সহজে পাওয়া যায় তত সহজে রাখা যায় না।,general,"অফিসের সিনিয়র ম্যানেজার পদে বসার পর অনিক ভেবেছিল তার সব দায়িত্ব শেষ হয়ে গেছে। সে নিজের কাজের গতি কমিয়ে দিল এবং টিম মিটিংয়ে সময়মতো উপস্থিত হওয়া বন্ধ করে দিল। ফলস্বরূপ, ঊর্ধ্বতন কর্তৃপক্ষ তার কর্মদক্ষতা নিয়ে প্রশ্ন তুলল এবং অল্পদিনেই তার পদটি অন্য এক জুনিয়র কর্মীর কাছে চলে গেল।"
P083,ওষধার্থে সুরাপান,মদ খাওয়ার পক্ষে বাহানা।,general,অফিসের বার্ষিক টার্গেট পূরণে সম্পূর্ণ ব্যর্থ হয়ে সায়ক ঊর্ধ্বতন কর্তৃপক্ষকে ম্যানেজ করার এক অভিনব পথ বেছে নিল। সে একটি ভুয়া দাতব্য তহবিলের কথা বলে বসের কাছ থেকে মোটা অঙ্কের আর্থিক অনুদান তুলে নিল। আসলে এই পুরো টাকা সে নিজের ব্যক্তিগত বিলাসবহুল বিদেশ ভ্রমণের পেছনে খরচ করে ফেলল।
P084,ঔষুধ ধরেছে,ক্রিয়ার প্রতিক্রিয়া শুরু হয়েছে; ফল ফলতে শুরু করেছে।,general,গত ছয় মাস ধরে অনিমেশ তার টিমের প্রজেক্টের মান উন্নয়নে দিনরাত পরিশ্রম করছিল। সে প্রতিটি কোডিং ত্রুটি সতর্কতার সাথে সংশোধন করে ডেডলাইনের আগেই কাজ জমা দিত। অবশেষে আজ ম্যানেজমেন্ট তার কাজের স্বীকৃতিস্বরূপ তাকে সিনিয়র প্রজেক্ট ম্যানেজার হিসেবে পদোন্নতি দিয়েছে।
P085,"কানা চোখে দিয়ে কাজল, আপন রূপে আপনি পাগল",আপনার চেয়ে কেউ বেশি সুন্দর নয়।,general,বার্ষিক মূল্যায়নে সহকর্মীদের অসাধারণ দক্ষতা উপেক্ষা করে সিনিয়র ম্যানেজার নিজের সাদামাটা উপস্থাপনাকেই সেরা হিসেবে ঘোষণা করলেন। তিনি ঊর্ধ্বতন কর্তাদের সামনে নিজের কাজের এমন অতিরঞ্জিত প্রশংসা করলেন যেন প্রতিষ্ঠানের বাকি সবাই অযোগ্য। দিনশেষে তার এই অন্ধ আত্মতুষ্টির কারণে যোগ্যরা বঞ্চিত হলেও তিনি নিজেই নিজের সাফল্যের ঘোরে বিভোর রইলেন।
P086,খেয়ার কড়ি গুণে দিয়ে সাঁতরে নদী পার,"সুযোগ নষ্ট করা হল; অর্থও ব্যয় হল, আবার পরিশ্রমও হল।",general,"পাইকারি বাজারে নতুন চালের চালান নামানোর জন্য আগাম ক্যাশ টাকা পরিশোধ করেও সময়মতো পরিবহন ঠিক করেননি মুদি দোকানের মালিক কুদ্দুস মিয়া। পরে মাল স্টক আউটের মুখে পড়লে তিনি বেশি ভাড়ায় অটোভ্যান ঠিক করে নিজেই বস্তা মাথায় করে গুদামে বয়ে নিয়ে এলেন। এতে তার মূলধন যেমন খোয়া গেল, তেমনই অতিরিক্ত কায়িক পরিশ্রমে তিনি চরমভাবে অসুস্থ হয়ে পড়লেন।"
P087,গাছগাছালি ঘন রোবে না; গাছ হবে তার ফল হবে না- খনা,আলো না পেলে গাছ কলবতী হয় না,general,অফিসের কোনো গুরুত্বপূর্ণ দায়িত্ব না পেয়ে তরুণ কর্মকর্তাটি দীর্ঘদিন শুধু সাধারণ ফাইলের কাজ করে যাচ্ছিল। তার মেধা প্রকাশের মতো উপযুক্ত পরিবেশ ও সঠিক সুযোগের অভাবে সে প্রতিষ্ঠানের চোখে আড়ালেই রয়ে গেল। ফলে শেষ পর্যন্ত তার কোনো কাঙ্ক্ষিত পদোন্নতি বা ক্যারিয়ারের বিকাশ ঘটল না।
P088,ঘরচোরের পার নেই,ঘরের শত্রুর বেশি শাস্তি পাওয়া উচিত।,general,"একটি বহুজাতিক প্রতিষ্ঠানের ক্লাউড মাইগ্রেশন প্রজেক্টের কোডিংয়ের দায়িত্বে ছিল দলের প্রধান প্রোগ্রামার নিজে। সে নিজেই অসাবধানতাবশত এমন কিছু সিকিউরিটি লুপহোল তৈরি করে যা পুরো সিস্টেমের ডেটাবেজ হ্যাকারের হাতে তুলে দেয়। তদন্তে এই অন্তর্ঘাত প্রমাণিত হওয়ায় তাকে শুধু প্রজেক্ট থেকে নয়, বরং টেক ইন্ডাস্ট্রি থেকেই নিষিদ্ধ করা হয়।"
P089,চরিত্রের গুণে মানুষ সবার চোখে বাসে,আপনগুণে অচেনা মানুষ পরম আত্মীয় হইয়।,general,অফিসের নতুন জুনিয়র কর্মীটি সবসময় নীরবে নিজের কাজ নিখুঁতভাবে শেষ করত। কখনো পদোন্নতির জন্য উর্ধ্বতন কর্মকর্তাদের তোষামোদ না করে সে শুধু নিজের কর্মদক্ষতা আর সততার প্রমাণ দিয়েছে। শেষ পর্যন্ত তার এই পেশাদারিত্ব ও ভালো ব্যবহারের জন্যই সবাই তাকে স্বতঃস্ফূর্তভাবে দলনেতা হিসেবে নির্বাচিত করেছে।
P090,"ছাল নেই কুত্তা, নাম তার বাঘা","অযোগ্যকে অতিরিক্ত সম্মান জানানো; যে গুণ নেই সেই গুণ আরোপ; আদিখ্যেতা, বাড়াবাড়ি।",general,অফিসের নতুন জুনিয়র কর্মীটি কাজের চেয়ে বেশি কথায় পটু হলেও বস তাকে হঠাৎ বড় একটি প্রকল্প প্রধান বানিয়ে দিলেন। অথচ প্রকল্পের মৌলিক কাজের কিছুই সে বোঝে না। শেষ পর্যন্ত তার চরম অদক্ষতার কারণে পুরো দলটির মানসম্মান ধুলোয় মিশে গেল।
P091,জোড়াতালি দিয়ে কাজ চালানো,হাতের কাছে যা পাওয়া গেছে তাই দিয়ে কোনমতে কাজ চালানো।,general,বার্ষিক মূল্যায়নের ঠিক আগের রাতে নষ্ট প্রিন্টারটি পুরোপুরি মেরামতের সুযোগ ছিল না। তাই পুরনো স্ক্র্যাপ মেশিনের একটি লেন্স খুলে সাময়িকভাবে কাগজ বের করার ব্যবস্থা করা হলো। এতে কোনোমতে প্রতিবেদনগুলো প্রিন্ট হলেও বড় কর্তার সামনে সেটি হুট করে আটকে গেল।
P092,ঝড় থেমে গেলে সব কিছু শান্ত হয়,যেকোন উথালপাথালের পর প্রকৃতি শান্ত হয়,general,বার্ষিক মূল্যায়নের সময় ঊর্ধ্বতন কর্মকর্তাদের অতিরিক্ত কাজের চাপে পুরো দলটিতে এক প্রকার অস্থিতিশীল পরিবেশ তৈরি হয়েছিল। এই তীব্র টানাপোড়েনের পর ম্যানেজমেন্ট সবার অবদান নিরপেক্ষভাবে মূল্যায়ন করে নতুন নীতিমালা ঘোষণা করে। এর ফলে কর্মক্ষেত্রে দীর্ঘদিনের অসন্তোষ দূর হয়ে সুশৃঙ্খল পরিবেশ ফিরে আসে।
P093,টাকা না থাকলে ভাল কাজ করা যায় না,অর্থের রূপালীরেখা হল- বহু ভালো কাজে অর্থ ব্যয়িত হয়।,general,পাইকারি বাজারে পণ্যের সংকট কাটানোর জন্য নগদ মূলধন জোগান দেওয়া জরুরি ছিল। হাতে পর্যাপ্ত পুঁজি না থাকায় সময়মতো চালানের মালপত্র তোলা সম্ভব হলো না। এর ফলে ব্যবসায়িক প্রতিদ্বন্দ্বীরা বাজার দখল করে নিল।
P094,"ঠেলায় পড়লে ঠাকুরদাদি, নইলে তার নাকে পাঁদি",বিপদে পড়ে কারো শরণ নেওয়া; বিপদ সরে গেলেই তুচ্ছতাচ্ছিল্য করা।,general,বার্ষিক মূল্যায়নের সময় বিপদে পড়ে রোহিত তার সিনিয়র সহকর্মী সুমিতের শরণাপন্ন হয়েছিল। সুমিত তার সব ভুল শুধরে দিয়ে কাজের কাজ উদ্ধার করে দিল। কিন্তু পদোন্নতি পাওয়ার পর রোহিত এখন সুমিতকে পাত্তাই দেয় না।
P095,ডান হাতখান দিলে বাম হাতখান পাওয়া যায়,হাত বাড়ালেই বন্ধু পাওয়া যায়।,general,অফিসের জুনিয়র সহকর্মীটি প্রতিদিন কাজের অতিরিক্ত চাপে ভীষণ দিশেহারা হয়ে পড়েছিল। সে বিপদে পড়ে আমার কাছে সাহায্য চাইলে আমি নিজে বাড়তি সময় দিয়ে তার পুরো কাজ বুঝিয়ে দিলাম। পরবর্তীতে কোম্পানির নতুন প্রজেক্টের কঠিন সময়ে সেই জুনিয়র কর্মীটি আমার পাশে দাঁড়িয়ে আমার কাজ সফল করতে বড় ভূমিকা রাখল।
P096,ঢোল কা ভিতর পোল (ফাঁপা) ',আজকাল বেশিরভাগ লোকের বাইরের আড়ম্বর বেশি,general,অফিসে নতুন প্রজেক্টের মিটিংয়ে রিয়াজ সাহেব অত্যন্ত চমৎকার প্রেজেন্টেশন দিয়ে সবার নজর কাড়লেন। কিন্তু কাজে বাস্তবে হাত দেওয়ার পর দেখা গেল তার দলে কাজের কোনো সঠিক রূপরেখা বা কার্যকারিতা নেই। ফলে শেষ মুহূর্তে পুরো প্রজেক্টটি ব্যর্থতায় পর্যবসিত হলো।
P097,"তেলাপোকা আবার পাখি, ভেরাণ্ডা আবার গাছ","তুচ্ছের প্রতি তাচ্ছিল্য; উভয়ই নগণ্য, পাতে পড়ার মত নয়।",general,বার্ষিক মূল্যায়নে সিনিয়র ম্যানেজার পদে সামান্য কিছু অবদানের কথা বলে জুনিয়র ক্লার্ক রতন পদোন্নতি দাবি বসল। অথচ পুরো আর্থিক বছর জুড়ে তার ভুল রিপোর্টের কারণে কোম্পানির বড় ধরনের আর্থিক ক্ষতি হয়েছিল। বোর্ড মিটিংয়ে তার এই অদ্ভুত দাবি শুনে সবাই হাসাহাসি করে আবেদনটি তাৎক্ষণিকভাবে বাতিল করে দিল।
P098,থলির মধ্যে হাতি পোড়া,অসাধ্যসাধনের প্রয়াস।,general,"অফিসের সবথেকে জটিল ও অবহেলিত প্রজেক্টটি মাত্র দুই দিনে শেষ করার দায়িত্ব কাঁধে নিলেন তরুণ এক্সিকিউটিভ অনীক। অথচ এর জন্য প্রয়োজনীয় কোনো ডেটাসেট বা পর্যাপ্ত টিম মেম্বার তার হাতে ছিল না। শেষ পর্যন্ত অসম্ভব সেই লক্ষ্যমাত্রা ছুঁতে গিয়ে তিনি শুধু ব্যর্থই হলেন না, উল্টো নিজের নিয়মিত কাজের সময়টুকুও হারিয়ে ফেললেন।"
P099,"দশে যারে বলে ছি, তার প্রাণে কাজ কি?",সকলে যার নিন্দা করে তার জীবনধারণের মূল্য নেই।,general,বাজারের খুচরা ও পাইকারি ব্যবসায়ীদের কাছ থেকে মোটা অঙ্কের টাকা ধার নিয়ে মাসের পর মাস আত্মগোপন করে ছিলেন এক অসাধু ব্যবসায়ী। তার এই প্রতারণার স্বরূপ উন্মোচিত হওয়ায় এলাকার সমস্ত বণিক সমিতি তার সাথে সকল প্রকার লেনদেন চিরতরে বন্ধ ঘোষণা করল। সকলের এমন ঘৃণা ও সামাজিক বয়কটের মুখে তিনি ব্যবসা গুটিয়ে এলাকা ছাড়তে বাধ্য হলেন।
P100,ধরি মাছ না ছুঁই পানি,কিছুমাত্র বেগ না পেতে হয় এমন কৌশলে কার্যসিদ্ধি করা,general,"অফিসের ঊর্ধ্বতন কর্মকর্তার কোন্দলে সরাসরি জড়ানো থেকে বিরত থাকতে তিনি সবসময় নিরপেক্ষ দূরত্ব বজায় রাখলেন। কোনো পক্ষ না নিয়েও নিজের কাজের গুণগত মান ঠিক রেখে গোপনে ম্যানেজমেন্টের আস্থাভাজন হয়ে উঠলেন। ফলস্বরূপ, কোনো ঝামেলা ছাড়াই তার কাঙ্ক্ষিত পদোন্নতি নিশ্চিত হলো।"
P101,নাচেন ভাল পাক দেয় উল্টো/মন্দ,ঘুরিয়ে নিন্দা করা; সরল কথা বলতে বলতে হঠাৎ কুটিল কথা বলা; মিষ্টি কথার মাঝে একটা মর্মভেদী কথা বলা।,general,অফিসের বার্ষিক মূল্যায়নে সিনিয়র ম্যানেজার প্রকাশ্যে আমার কাজের অজস্র প্রশংসা করে সবার বাহবা কুড়ালেন। কিন্তু মিটিংয়ের শেষ মুহূর্তে তিনি হঠাৎ যুক্ত করলেন যে আমার দলের লিডারশিপ কোয়ালিটি অত্যন্ত দুর্বল। শেষ পর্যন্ত এই মিষ্টি কথার প্যাঁচে আমার প্রমোশনটা আটকে গেল।
P102,পাঁচদিন চোরের একদিন গৃহস্থের/সাধুর,অন্যায় করে কেউ পার পায় না; অন্যায়ের শাস্তি একদিন পেতেই হবে।,general,সহকর্মীদের অসাধারণ সব আইডিয়া ও কাজ নিজের নামে চালিয়ে দিয়ে দীর্ঘদিন ধরে পদোন্নতি বাগিয়ে নিচ্ছিল অসাধু ম্যানেজার। কিন্তু শেষ পর্যন্ত ঊর্ধ্বতন কর্তৃপক্ষ গোপন অডিট চালিয়ে তার এই জালিয়াতি ধরে ফেলে এবং তাকে চাকরি থেকে বরখাস্ত করা হয়। এর ফলে তার পুরো ক্যারিয়ার মুহূর্তের মধ্যে ধ্বংস হয়ে যায়।
P103,ফাঁকা কথায়/বুলিতে পাকা লোক ভোলে না,মিষ্টিকথায় কাজ আদায় হয় না।,general,"বার্ষিক মূল্যায়নের সময় সুমিত শুধুমাত্র চাটুকারিতা ও বড় বড় আশ্বাসের ওপর নির্ভর করেছিল। তার ঊর্ধ্বতন কর্মকর্তা কাজের সুনির্দিষ্ট ফলাফল ও পারফরম্যান্সের গ্রাফ যাচাই করেই তাকে পদোন্নতি থেকে বাদ দিলেন। ফলে শুধু মিষ্টি আশ্বাসের কার্যকারিতা যে কর্মক্ষেত্রে টেকে না, তা প্রমাণিত হলো।"
P104,"বাঘ পালাল বিড়াল এল, শিকার করতে হাতি",অর্বাচীনের বাহাদুরি; পাঠান মোগল হদ্দ হলে ফারসি পড়ে তাঁতি।,general,"প্রতিষ্ঠানের মূল অর্থনৈতিক ধস সামলানোর কোনো অভিজ্ঞতা তার ছিল না। অথচ নতুন পরিচালক পদে বসে সে এমন কিছু অবাস্তব নিয়ম জারি করল যা সম্পূর্ণ অপ্রয়োজনীয়। ফলস্বরূপ, প্রতিষ্ঠানের বাকি থাকা ক্ষুদ্র মূলধনটুকুও অচিরেই শেষ হয়ে গেল।"
P105,ভালমানুষের মন মুখোশের আড়ালে থাকে,ভালোমানুষ চেনা দায়।,general,অফিসের সিনিয়র ম্যানেজার সকলের সাথে অত্যন্ত মিষ্টি ও অমায়িক ব্যবহার করতেন এবং সকলের বিপদে পাশে দাঁড়ানোর প্রতিশ্রুতি দিতেন। কিন্তু পদোন্নতির চূড়ান্ত তালিকা প্রকাশ পেলে দেখা গেল তিনি গোপনে নিজের পছন্দের অযোগ্য প্রার্থীর নাম সুপারিশ করেছেন। এতে সহকর্মীরা সবাই বাকরুদ্ধ হয়ে গেল।
P106,মানুষ ক্ষমতার বাইরে কিছু করতে পারে না,প্রত্যেক মানুষেরই সীমাবদ্ধতা আছে।,general,এক দিনে বিশাল এক কোডিং প্রজেক্ট শেষ করার অবাস্তব প্রতিশ্রুতি দিয়েছিলেন প্রোগ্রামার। একা সব মডিউল ঠিক করার চেষ্টার ত্রুটি না থাকলেও সার্ভার ক্র্যাশ করে বসে। ফলে ক্লায়েন্ট নির্দিষ্ট সময়ে অ্যাপটির ফাইনাল ভার্সন হাতে পেল না।
P107,যার যেমন মতি তার তেমন গতি,যার যেমন চরিত্র সে তেমন ফলভোগ করে।,general,অফিসে শর্টকাট পথে বড় হওয়ার লোভে অনৈতিক উপায় বেছে নিয়েছিল এক জুনিয়র এক্সিকিউটিভ। সে সহকর্মীদের ঠকিয়ে নিজের কাজের কৃতিত্ব জাহির করতে শুরু করে। শেষ পর্যন্ত ঊর্ধ্বতন কর্তৃপক্ষ তার প্রতারণা ধরে ফেলায় তাকে চাকরি থেকে বরখাস্ত করা হয়।
P108,রক্তপাত ছাড়া পাপ ধোয় না,রক্তক্ষয়ে মানুষের চেতনা ফেরে; যুদ্ধের পরে শান্তি আসে।,general,অফিসের ঊর্ধ্বতন কর্তৃপক্ষ দীর্ঘদিন ধরে কর্মীদের মতামতকে পুরোপুরি উপেক্ষা করে স্বেচ্ছাচারী সিদ্ধান্ত নিচ্ছিলেন। অতিষ্ঠ হয়ে সমস্ত কর্মী একজোটে কঠোর কর্মবিরতি ও ধর্মঘট পালন শুরু করলেন। অবশেষে টনক নড়ল ম্যানেজমেন্টের এবং তারা সবার নায্য দাবিগুলো মেনে নিতে বাধ্য হলো।
P109,লঘু পাপে গুরু দন্ড,অল্পদোষে কড়া শাস্তি,general,অফিসের শেষ মুহূর্তে একটি ছোট রিপোর্ট জমা দিতে সামান্য দশ মিনিট দেরি হয়ে গিয়েছিল। কর্তৃপক্ষ এই সামান্য বিষয়টিকে বড় করে দেখে তার বার্ষিক ইনক্রিমেন্ট চিরতরে আটকে দিল। ফলে তার বছরের পর বছর করা পরিশ্রম ও সততা সম্পূর্ণ বৃথা গেল।
P110,"শেষ ভালো যার,সব ভালো তার",সব খারাপ হয়েও যার শেষ ভালো সেই সফল হলো,general,অদক্ষ হিসাব ব্যবস্থাপনার দরুন পাইকারি বাজারে বছরের বেশিরভাগ সময় লোকসানের মুখ দেখতে হয়েছিল দোকানটিকে। অথচ ঠিক উৎসবের মৌসুমে নতুন পণ্যের অবিশ্বাস্য চাহিদা তৈরি হওয়ায় আগের সব ঘাটতি এক নিমেষে পুষে গেল। ব্যবসায়িক বর্ষপূর্তিতে দেখা গেল সে বাজারের অন্যতম শীর্ষ লাভজনক প্রতিষ্ঠানে পরিণত হয়েছে।
P111,ষোল আনা বাজিয়ে নেওয়া,সবদিক দিয়ে যাচাই করা।,general,বিভাগের প্রধান পদের জন্য নির্বাচিত প্রার্থীর অতীত কাজের রেকর্ড এবং নেতৃত্ব দেওয়ার দক্ষতা নিখুঁতভাবে পরীক্ষা করা হলো। কোনো রকম তড়িঘড়ি না করে প্রতিটি ফাইলের হিসাব এবং পূর্বের সাফল্যের গ্রাফ পুঙ্খানুপুঙ্খভাবে দেখা হলো। এর ফলে যোগ্যতম ব্যক্তিটিই সঠিক দায়িত্ব পেল এবং প্রতিষ্ঠানে কোনো রকম ভুল সিদ্ধান্ত নেওয়ার ঝুঁকি এড়ানো গেল।
P112,সকাল দেখলে দিন কেমন যাবে জানা যায়,সকালের আকাশ দিনের খোঁজ দেয়,general,কোডিংয়ের একদম শুরুর ধাপে বড় ধরনের ত্রুটি রেখে দেওয়ায় পুরো সফটওয়্যারটি বারবার ক্রাশ করতে শুরু করে। প্রজেক্ট লিডার প্রাথমিক কোডের এই বিপর্যয় দেখেই অনুমান করেছিলেন যে চূড়ান্ত ডেলিভারি কতটা ঝুঁকিপূর্ণ হতে চলেছে। শেষ পর্যন্ত ক্লায়েন্ট নির্ধারিত সময়ের আগেই কাজটি বাতিল করে দেন।
P113,হাঁসের দলে বক শোভা পায় না,বিজ্ঞদের মাঝে মূর্খ বেমানান।,general,"বার্ষিক মূল্যায়নে ভালো করার জন্য তানভীরকে হঠাৎ করেই একটি জটিল ফিন্যান্সিয়াল অ্যানালাইসিসের প্রজেক্টের প্রধান করা হলো। সে অ্যাকাউন্টিংয়ের মৌলিক নিয়মগুলো না জেনেই বড় বড় বাজেট পরিকল্পনা তৈরি করতে শুরু করল। ফলস্বরূপ, তার ভুল তথ্যের কারণে প্রতিষ্ঠানটি বড় ধরনের আর্থিক ক্ষতির মুখে পড়ল।"
P114,‘কিছু না’ করলে কিছু হয় না,কাজ না করলে কার্যসিদ্ধি প্রশ্ন নেই।,general,"অফিসের সিনিয়র ম্যানেজার পদে বসার জন্য তীব্র প্রতিযোগিতা শুরু হয়েছিল। সঠিক সময়ে রিপোর্ট জমা না দিয়ে শুধু বসে থাকলে কাঙ্ক্ষিত পদোন্নতির আশা করা বোকামি। শেষ পর্যন্ত যারা রাত জেগে সঠিক পরিকল্পনা বাস্তবায়ন করেছিল, তারাই সফলতার দেখা পেল।"
P115,'চ'তে গুরু 'ম'তে শিষ্য,"যেমন গুরু তেমনি শিষ্য, উভয়েই সমান",general,"অফিসের নতুন টিম লিড নিজেই কাজের ডেডলাইন বারবার মিস করেন এবং তার জুনিয়র এক্সিকিউটিভও ঠিক একই রকম দায়িত্বজ্ঞানহীন আচরণ প্রদর্শন করে। কাজের প্রতি এই চরম উদাসীনতার কারণে পুরো প্রজেক্টটি শেষ পর্যন্ত সম্পূর্ণ ভেস্তে গেল। এতে বোঝা গেল যে ওপরের পদের কর্মকর্তার যেমন কাজের দক্ষতা নেই, নিচের কর্মীর অবস্থাও ঠিক তেমনি।"
P116,অতি ক্ষুধা যার হাড় কাটা তার,বেশি খেলে শরীর নষ্ট হয়।,general,ব্যবসায়ী স্বল্প পুঁজিতে অনেক বেশি পণ্য বাকিতে কেনার ঝুঁকি নিলেন। তিনি লাভের আশায় নিজের ধারণক্ষমতার বাইরে গিয়ে দেনার বোঝা বাড়ালেন। শেষমেশ বাজার মন্দা যাওয়ায় তিনি মূলধনসহ সব হারালেন।
P117,আপন বোন ভাত পায়না শালীর তরে মন্ডা,"একপেশে বিচার; ন্যায্য দাবীদারকে উপেক্ষা করে অপর কাউকে সাহায্য করা, বৌয়ের আঁচল ধরা ব্যক্তি।",general,"প্রতিষ্ঠানের মূল চালিকাশক্তি হওয়া সত্ত্বেও অভিজ্ঞ কর্মীরা বছরের পর বছর অবহেলায় পড়ে থাকে। অথচ ঊর্ধ্বতন কর্মকর্তার এক দূরসম্পর্কীয় আত্মীয় কোনো প্রকার দক্ষতা ছাড়াই সরাসরি শীর্ষ পদে আসীন হয়। ফলস্বরূপ, যোগ্য কর্মীরা হতাশ হয়ে একে একে প্রতিষ্ঠান ছেড়ে চলে যেতে বাধ্য হয়।"
P118,ইচ্ছা আছে যার পথ আছে তার,ইচ্ছা থাকলে কাজের উপায় বেরুবেই; যতই দুরুহ হোক উপায়জ্ঞের কাছে সব কাজই সহজসাধ্য মনে হয়; ইচ্ছুকের কাছে কিছুই অসম্ভব নয়।,general,প্রতিষ্ঠানের শীর্ষ ব্যবস্থাপনার পদে পৌঁছানো অত্যন্ত কঠিন এক লক্ষ্য হিসেবে বিবেচিত হচ্ছিল। তিনি প্রতিদিন অতিরিক্ত সময় অফিসে কাটিয়ে নতুন প্রযুক্তিগত দক্ষতা অর্জন করলেন। শেষ পর্যন্ত তার এই অদম্য প্রচেষ্টাই তাকে কাঙ্ক্ষিত উচ্চ পদটিতে উন্নীত করল।
P119,ঈশান কোণের মেঘে ঝড় ওঠে বেগে,উত্তর-পূর্ব কোণে মেঘ জমলে ঝড় অবশ্যাম্ভাবী।,general,"অফিসের জ্যেষ্ঠ কর্মকর্তাদের আচরণে হঠাৎ পরিবর্তন লক্ষ্য করা গেল এবং তাদের অলিখিত শীতলতা বেশ অস্বস্তিকর হয়ে উঠল। কর্মীরা দ্রুত নিজেদের কাজের ভুলত্রুটি শুধরে নিয়ে ঊর্ধ্বতনদের সাথে নিয়মিত যোগাযোগ রক্ষা করতে শুরু করল। ফলস্বরূপ, বড় কোনো বিপর্যয় ঘটার আগেই তারা পরিস্থিতি সফলভাবে সামলে নিতে সক্ষম হলো।"
P120,উড়তে পারে না পোষ মানে,অক্ষমের পরনির্ভরশীলতা; নিরুপায় হয়ে কোন কাজ করতে বাধ্য হওয়া।,general,প্রতিষ্ঠানের ঊর্ধ্বতন কর্মকর্তার অনৈতিক সিদ্ধান্তের প্রতিবাদ করার কোনো আইনি বা পেশাদার পথ তার খোলা ছিল না। পেটের টানে এবং চাকরি বাঁচানোর তাগিদে সে শেষ পর্যন্ত ওই নির্দেশ মেনে নিতে বাধ্য হলো। নিজের আত্মসম্মান বিসর্জন দিয়ে বাধ্যগত কর্মীর মতো সে সেই অন্যায় কাজটি সম্পন্ন করল।
P121,"ঊরুৎ বেয়ে রক্ত পড়ে, চোখ গেলোরে বাবা",একের সাথে অন্যের কোন সম্পর্ক নেই; অর্থহীন প্রলাপ।,general,বার্ষিক মূল্যায়নে ভালো কাজ করা সত্ত্বেও এক কর্মীর পদোন্নতি আটকে গেল। অথচ সে কারণ হিসেবে লবিতে বসের জুতার ফিতার রঙ নিয়ে অমূলক অভিযোগ তুলল। তার এই অর্থহীন অসন্তোষ দেখে পুরো টিম কেবল হাসাহাসি করল।
P122,একজন মানুষ যা করতে পারে তার বেশি সে পারে না,"সাধ্যের বেশি কেউ করতে পারে না, করার চেষ্টা করাও উচিত নয়।",general,বিনা অভিজ্ঞতায় তিন ধাপ উপরের শীর্ষ ব্যবস্থাপক পদের দায়িত্ব নিজের কাঁধে তুলে নিল সোহেল। সে অতিরিক্ত কাজের চাপে দিনরাত এক করে ফেললেও কাঙ্ক্ষিত লক্ষ্য অর্জনে ব্যর্থ হলো। পরিণামে প্রতিষ্ঠানের কাছে তার দক্ষতা প্রশ্নবিদ্ধ হলো এবং তার মানসিক অবসাদ মারাত্মকভাবে বেড়ে গেল।
P123,ঐশ্বর্য চিত্তের বিকার ঘটায়,"ঐশ্বর্য ভোগলিপ্সা বাড়ায়, চিত্তের স্থিরতা নষ্ট করে।",general,অফিসে বিশাল পদোন্নতি পাওয়ার পর থেকেই সুমিতের মধ্যে চরম অহংকার ও লোভ মাথাচাড়া দিয়ে উঠল। সে জুনিয়র সহকর্মীদের সাথে খারাপ আচরণ করতে শুরু করল এবং নিজের কাজের মান বজায় রাখার কথা ভুলে গেল। শেষ পর্যন্ত তার এই দাম্ভিকতার কারণে বড় ধরনের বড় প্রজেক্ট হাতছাড়া হয়ে গেল এবং সে ঊর্ধ্বতন কর্তৃপক্ষের নজরে পড়ে গেল।
P124,ওস্তাদের মার শেষ রাতে,দক্ষ ব্যক্তি শেষমূহুর্তে তার দক্ষতা দেখায়।,general,"বার্ষিক মূল্যায়নের ঠিক আগের মুহূর্তে সবাই যখন নিজের কৃতিত্ব জাহির করতে ব্যস্ত, তখন সিনিয়র ম্যানেজার নীরব থেকে কেবল সঠিক সময়ে তার মূল পরিকল্পনাটি পেশ করলেন। তার এই সময়োপযোগী ও নিখুঁত পদক্ষেপে ঊর্ধ্বতন কর্তৃপক্ষ মুগ্ধ হয়ে তাকেই সেরা কর্মকর্তার পুরস্কার প্রদান করলেন। বছরের বাকি সময় তিনি দৃশ্যমান কোনো কোলাহল না করলেও চূড়ান্ত মুহূর্তে তার অভিজ্ঞতা ও মুনশিয়ানা ঠিকই নিজের শ্রেষ্ঠত্ব প্রমাণ করল।"
P125,কথা শুনে পেটের ভাত চাল হয়ে যায়,বিপদের কথা শুনে আশঙ্কায়/ভয়ে প্রাণ শুকিয়ে যায়।,general,ক্লায়েন্ট নির্ধারিত সময়ের মাত্র দুই ঘণ্টা আগে মূল সার্ভার কোডে বড় ধরনের ত্রুটি ধরা পড়ল। পুরো সিস্টেম ক্র্যাশ করার উপক্রম হওয়ায় ফ্রিল্যান্সারটি দিশেহারা হয়ে পড়ল। এই বিপর্যয় মোকাবিলার আশঙ্কায় তার সমস্ত শরীর ঘামতে শুরু করল।
P126,খেতে পায় না পুঁটি হাতে পরে আংটি,দরিদ্রের বাহ্যাড়ম্বর,general,মাসিক বেতনের টাকা তোলার আগেই সে একটি দামী ব্র্যান্ডের স্মার্টওয়াচ কেনার জন্য অনলাইনে অর্ডার করে বসল। অথচ তার অফিশিয়াল লোন এবং ক্রেডিট কার্ডের বকেয়া বিল মেটানোর কোনো পথই খোলা ছিল না। শেষ পর্যন্ত দেখা গেল কিস্তি পরিশোধ করতে না পেরে সে লজ্জায় সহকর্মীদের এড়িয়ে চলছে।
P127,গাধার পিঠে সোনার বোঝা চাপালেও সে গাধাই থাকে,অবোধ কখনো বোদ্ধা হয় না; কালো কখনো সাদা হয় না।,general,অফিসের অযোগ্য কর্মীটিকে হঠাৎ করে উচ্চ পদমর্যাদার একটি চেয়ারে বসিয়ে দেওয়া হলো। কিন্তু সে কাজের কোনো মূলনীতি বা কৌশলগত দক্ষতা অর্জন করতে পারল না। ফলে গুরুত্বপূর্ণ নথিপত্র তৈরির সময় সে বড় ধরনের ভুল করে বসল।
P128,ঘরে বসে পুছে বাত তার ঘরে হা ভাত,অলসের অন্নের সংস্থান হয় না।,general,"বার্ষিক মূল্যায়নে ভালো পদ পেতে হলে নিয়মিত অতিরিক্ত দায়িত্ব নিতে হয় এবং নতুন দক্ষতা অর্জন করতে হয়। কিন্তু সজল কর্মক্ষেত্রে কোনো বাড়তি প্রচেষ্টা না চালিয়ে শুধু উচ্চ পদের আশায় দিন কাটাচ্ছিল। ফলস্বরূপ, তার সহকর্মীরা পদোন্নতি পেলেও সে একই পদে পড়ে রইল।"
P129,চলতে না পারলে উঠোন বাঁকা,কাজ করতে না পারলে অপরের দোষ খোঁজে; অক্ষমের অজুহাত খাড়া,general,"বার্ষিক মূল্যায়নে ভালো পারফরম্যান্স দেখাতে না পেরে অর্নব তার ঊর্ধ্বতন কর্মকর্তার বিরুদ্ধে পক্ষপাতিত্বের অভিযোগ তুলল। সে কখনো সঠিক সময়ে কাজ জমা দেয়নি, অথচ ব্যর্থতার দায় নিজের কাঁধে নিতে চাইল না। ফলে কোম্পানি তার পদোন্নতির আবেদন সরাসরি বাতিল করে দিল।"
P130,ছোট মুখে বড় কথা,ছোটদের মুখে বড়দের মত কথাবার্তা; লোকের মর্যাদা না রেখে কথা বলা,general,"প্রতিষ্ঠানে যোগদানের মোটে তিন মাস পার না হতেই নবীন কর্মীটি কোম্পানির চিফ এক্সিকিউটিভ অফিসারের স্ট্র্যাটেজিক পরিকল্পনা নিয়ে প্রকাশ্য বৈঠকে কঠোর সমালোচনা শুরু করল। সে সিনিয়র ডিরেক্টরদের দীর্ঘদিনের অভিজ্ঞতাকে বৃদ্ধাঙ্গুলি দেখিয়ে নিজের অপরিপক্ব মতামত সবার ওপর চাপিয়ে দিল। ফলস্বরূপ, তার এই ধৃষ্টতাপূর্ণ আচরণে ক্ষুব্ধ হয়ে ঊর্ধ্বতন কর্তৃপক্ষ তাকে তাৎক্ষণিকভাবে চাকরি থেকে অব্যাহতি দিল।"
P131,"জগতে ভালো কে, যার মনে লাগে যে",যার যাকে পছন্দ সেই তার কাছে ভাল; ভিন্নরুচির্হি লোকঃ।,general,বার্ষিক মূল্যায়নে সিনিয়র ম্যানেজার তার দীর্ঘদিনের অনুগত জুনিয়র কর্মীকে উচ্চ পদে উন্নীত করার সুপারিশ করলেন। উচ্চপদস্থ কর্তৃপক্ষ প্রথমদিকে এই সিদ্ধান্তে দ্বিমত পোষণ করলেও শেষ পর্যন্ত ম্যানেজারের পছন্দকেই প্রাধান্য দিল। ফলে ভিন্ন মতের অবকাশ না রেখে সেই জুনিয়র কর্মীই কাঙ্ক্ষিত পদটি অর্জন করল।
P132,ঝাড়ের বাঁশ পড়ে না,সংঘবদ্ধ থাকলে বিপদের পড়তে হয় না।,general,অফিসের ঊর্ধ্বতন কর্মকর্তারা যেকোনো কর্মীকে এককভাবে ছাঁটাই করার সুযোগ খুঁজছিলেন। কিন্তু পুরো মানবসম্পদ বিভাগ একত্রিত হয়ে জোরালো প্রতিবাদ করায় কর্তৃপক্ষ সেই অন্যায্য সিদ্ধান্ত থেকে সরে আসতে বাধ্য হলো। সম্মিলিত এই ঐক্যের ফলে কর্মীরা নিজেদের অধিকার রক্ষা করতে সক্ষম হয়।
P133,টাকা ধার চাইলে বন্ধু বিচ্ছেদ,একবার ঋণ নিলে সে ঋণ আর শোধ হয় না।,general,সহকর্মী সায়ন অফিসের বিশেষ একটি প্রকল্পের গোপন কৌশল নিজের আয়ত্তে আনার জন্য অরিত্রর সাহায্য প্রার্থনা করে। অরিত্র বিশ্বাস করে তাকে সমস্ত গোপন নথি ও সূত্রগুলো বুঝিয়ে দেয়। কিন্তু নির্দিষ্ট সময় পেরিয়ে গেলেও সায়ন সেই সহযোগিতা আর ফিরিয়ে দেয়নি।
P134,ঠেলাঠেলির ঘর খোদায় রক্ষা কর,"দুই সতীনের ঝগড়ায় স্বামীবেচারা প্রাণ ওষ্ঠাগত, কাকে ছেড়ে কাকে রাখে।",general,"ক্লায়েন্ট একপাশে ডেডলাইন এগিয়ে আনার জন্য তাগিদ দিচ্ছিল আর অন্যপাশে টিম লিডার নতুন কোড বাগ ঠিক করার জন্য বারবার চাপ দিচ্ছিল। আমি দুই পক্ষের এমন টানাটানিতে কোন কাজটি আগে সম্পন্ন করব তা নির্ধারণ করতে পারলাম না। ফলস্বরূপ, নির্ধারিত সময়ের মধ্যে কোনো কাজই ঠিকমতো জমা দেওয়া সম্ভব হলো না।"
P135,ডুবে ডুবে জল/পানি খাওয়া,গোপনে কাজ করা; লোকচক্ষুর অগোচরে কার্যসিদ্ধি করা।,general,"অফিসের সবাই যখন প্রতিদিনের আড্ডায় মগ্ন থাকত, তখন জুনিয়র কর্মী রনি নীরবে নিজের প্রজেক্টের কাজগুলো গুছিয়ে রাখত। সে কারও সাথে কোনো প্রতিযোগিতা না করে গোপনে শীর্ষ ম্যানেজমেন্টের সব লক্ষ্য পূরণ করে ফেলেছিল। শেষ পর্যন্ত বার্ষিক মূল্যায়নে সবাইকে অবাক করে সে একাই কাঙ্ক্ষিত পদোন্নতিটি লুফে নেয়।"
P136,ঢিলা দিয়ে টেনে আনা,আগে আলগা দিয়ে পরে নিয়ন্ত্রণে আনা,general,"বসের নতুন প্রকল্পে নতুন জুনিয়র কর্মীরা প্রথম কয়েক সপ্তাহ একদম স্বাধীনভাবে কাজের সুযোগ পেল। তাদের কোনো কড়া নির্দেশ না দিয়ে ভুলত্রুটিগুলো নিজেই শুধরে নিলেন টিম লিড। ফলস্বরূপ, কর্মীরা নিজেদের দায়িত্ব বুঝে নিয়ে নির্দিষ্ট সময়ের আগেই সফলভাবে পুরো কাজটি শেষ করল।"
P137,তেলেজলেই মানুষের শরীর।,মানুষমাত্রই অনুভূতিপ্রবণ।,general,"বার্ষিক মূল্যায়নে ভালো করেও দীর্ঘদিনের বসের মন জুগিয়ে চলতে না পারায় অর্মিতার পদোন্নতি আটকে গেল। হতাশাগ্রস্ত অমিতা বুঝতে পারল যে, পেশাগত দক্ষতা ছাড়াও উর্ধ্বতন কর্তাদের মানসিক সন্তুষ্টি ও আবেগের জায়গাটা বোঝা ভীষণ জরুরি। তাই সে এখন কঠোর পরিশ্রমের পাশাপাশি বসের সাথে না বলা মনস্তাত্ত্বিক দূরত্ব ঘোচানোর চেষ্টা করছে।"
P138,থিয়ে তল যাবে তবু নুয়ে ডুব দেবে না,মরবে তবু হীনতা স্বীকার করবে না,general,অসাধু ঊর্ধ্বতন কর্মকর্তার অনৈতিক নির্দেশ মেনে নিতে অস্বীকার করায় অনিরুদ্ধের বার্ষিক মূল্যায়ন আটকে দেওয়া হয়। সে নিজের নীতির সাথে আপস না করে স্বাধীনভাবে কাজ চালিয়ে যায় এবং বিকল্প প্রতিষ্ঠানে নিজের যোগ্যতা প্রমাণ করে। শেষ পর্যন্ত সে মাথা উঁচু করে নতুন কর্মস্থলে উচ্চতর পদে যোগদান করে।
P139,দান যেমন দক্ষিণা তেমন,কাজের উপযুক্ত পারিশ্রমিক হওইয়া উচিত।,general,অফিসের জুনিয়র ডেভেলপার অনির্বাণ পুরো একটা মাস টানা ওভারটাইম করে কোম্পানির নতুন সফটওয়্যার প্রজেক্ট সফলভাবে শেষ করল। কিন্তু মাস শেষে ম্যানেজমেন্ট তাকে সাধারণ বেতনের বাইরে কোনো উৎসাহভাতা বা পদোন্নতি দিল না। কাজের উপযুক্ত মূল্যায়ন না পেয়ে সে অবশেষে হতাশ হয়ে অন্য প্রতিষ্ঠানে চলে গেল।
P140,ধান্য তার বসুন্ধরা যার,জমি যার ফসল তার; ন্যায়বোধের অধিকার,general,"অফিসের একটি অত্যন্ত গুরুত্বপূর্ণ প্রজেক্টের সমস্ত কঠিন ডেটা অ্যানালাইসিস এবং রাতে অতিরিক্ত সময় কাজ করে পুরো কৌশলটি সাজিয়েছিলেন তরুণ কর্মকর্তা অরিত্র। অথচ, চূড়ান্ত উপস্থাপনার দিন তার বিভাগীয় প্রধান নিজের কৃতিত্ব জাহির করে ঊর্ধ্বতন মহলের কাছ থেকে সমস্ত প্রশংসা ও বোনাস ছিনিয়ে নেন। এতে অরিত্রের মেহনতের সঠিক মূল্যায়ন না হলেও, সে বুঝে গেল দিনশেষে দক্ষতার সঠিক বাস্তবায়নই আসল সাফল্য এনে দেয়।"
P141,নদী পার হলে কুমিরকে কলা,উপকার পেয়েই উপকৃত উপকারীকে ভুলে যায়; খাল পার হতে পাটনী শালা।,general,অফিসে নতুন যোগ দিয়ে সুমিত তার সিনিয়র ম্যানেজারের কাছ থেকে দিনের পর দিন বিশেষ মেন্টরশিপ ও প্রজেক্টের কঠিন কাজগুলোতে সরাসরি সাহায্য পেত। কিন্তু কাঙ্ক্ষিত উর্ধ্বতন পদে পদোন্নতি নিশ্চিত হওয়ার পর সে সেই পুরনো মেন্টরের সাথে সাধারণ যোগাযোগ রাখাও বন্ধ করে দিল। এমনকি মিটিংয়ে নিজের সাফল্যের কৃতিত্ব একা নেওয়ার সময় সে কখনোই সেই পুরনো শুভাকাঙ্ক্ষীর অবদানের কথা উল্লেখ করল না।
P142,পানিতে/জলে কুমির ডাঙায় বাঘ,"দুদিকেই বিপদ, রক্ষার কোনো পথ নেই; উভয়সঙ্কট।",general,"অফিসের ঊর্ধ্বতন কর্মকর্তার অন্যায্য আবদার মেনে নেওয়া বা সরাসরি প্রতিবাদ করা—উভয় পথেই চাকরি হারানোর চরম ঝুঁকি তৈরি হয়েছে। নিজের নীতি রক্ষা করতে গেলে বরখাস্ত হতে হবে, আবার চুপ থাকলে মিথ্যা দুর্নামের দায় মাথায় নিতে হবে। এই উভয়সঙ্কটময় পরিস্থিতিতে দাঁড়িয়ে সঠিক সিদ্ধান্ত নেওয়া অসম্ভব হয়ে উঠেছে।"
P143,ফল ও ছায়াযুক্ত গাছকে আশ্রয় করতে হয়,ফল পাওয়া না গেলেও ছায়া পাওয়া যাবেই।,general,বার্ষিক মূল্যায়নে কাঙ্ক্ষিত উচ্চ পদ না পেলেও সিনিয়র ম্যানেজারের অধীনে কাজ চালিয়ে যাওয়ার সিদ্ধান্ত নিলেন রায়হান। প্রতিদিনের নিয়মিত কাজের মাধ্যমে তিনি ঊর্ধ্বতন কর্মকর্তার আস্থা অর্জন করলেন। শেষ পর্যন্ত বড় পদোন্নতি হাতছাড়া হলেও দলীয় প্রধানের বিশেষ সুনজরে থাকায় তার চাকরিটি সম্পূর্ণ নিরাপদ রইল।
P144,বিপদই মানুষের প্রকৃত কষ্টিপাথর,"বিপদে পড়লেই বুঝা যায় মানুষ বিপদ কাটিয়ে উঠার শক্তি, বুদ্ধি ধরে কিনা।",general,হঠাৎ করে মূল প্রকল্প প্রধান পদত্যাগ করায় পুরো টিম চরম অনিশ্চয়তার মুখে পড়েছিল। তখন জুনিয়র ম্যানেজার অংকন নিজ দায়িত্বে সম্পূর্ণ দায়িত্ব কাঁধে তুলে নিয়ে দিনরাত পরিশ্রম করে প্রজেক্টটি সফলভাবে শেষ করল। তার এই দূরদর্শিতা ও সংকট উত্তরণের দক্ষতা দেখে উচ্চপদস্থ কর্তারা তাকে সরাসরি বিভাগীয় প্রধান হিসেবে উন্নীত করলেন।
P145,ভদ্রলোক গাছে ফলে না।,"মার্জিত, পরিশীলিত খুব কম হয়, গাছের ফলের মর সহজলভ্য নয়।",general,অফিসের সিনিয়র ম্যানেজার পদে পদোন্নতির জন্য বেশ কয়েকজন সহকর্মী তীব্র লবিং শুরু করেছিলেন। তাদের নৈতিক আচরণ ও পেশাদারিত্ব বজায় রাখার কারণে শেষ পর্যন্ত অসাধු উপায়ে এগিয়ে যাওয়া ব্যক্তিরাই পদটি দখল করে নিলেন। এতে প্রমাণিত হলো যে কর্পোরেট দুনিয়ায় নীতিবান ও সৎ মানুষের দেখা পাওয়া সত্যিই দুর্লভ।
P146,মানুষ মনের ভাব লুকাতে পারে না,মুখছবি মানুষের মনের আয়না,general,ক্লায়েন্টের দেওয়া চূড়ান্ত সময়সীমার মধ্যে কোডের বড় ত্রুটি ঠিক করতে না পেরে তরুণ ফ্রিল্যান্সারটি মুখে আত্মবিশ্বাসী হাসি বজায় রাখল। তবে তার কপালে জমে থাকা বিন্দু বিন্দু ঘাম এবং অনবরত কাঁপতে থাকা আঙুলগুলো আসন্ন ব্যর্থতার জানান দিচ্ছিল। শেষ পর্যন্ত ক্লায়েন্ট তার সেই কৃত্রিম হাসির আড়ালে লুকিয়ে থাকা চরম আতঙ্ক ঠিকই ধরে ফেললেন।
P147,যেমন সাপ তেমন লাঠি,যেমন ক্রুর প্রকৃতিড় লোক তেমন তার শাস্তি।,general,সহকর্মীদের পেছনে লাগা আর মিথ্যা অপবাদ ছড়ানোই ছিল তার প্রধান কাজ। ঊর্ধ্বতন কর্তৃপক্ষ তার এই বিষাক্ত স্বভাব বুঝতে পেরে পদোন্নতির তালিকা থেকে তার নাম চিরতরে বাদ দিয়ে দিল। ফলে তার কুটিল আচরণের উপযুক্ত পরিণাম সে হাতেনাতে পেয়ে গেল।
P148,রসের ঘরে গৌর নাচে,পয়সা থাকলেই আমোদপ্রমোদ ফূর্তি করা যায়।,general,বার্ষিক মূল্যায়নে ভালো করার পরও সাধারণ কর্মীরা কোনো পদোন্নতি পেল না। কিন্তু ম্যানেজারের জন্য একটি বিশাল পার্টির আয়োজন করতেই রাতারাতি তার কাঙ্ক্ষিত পদটি মিলে গেল। এতে প্রমাণিত হয় যে অতিরিক্ত অর্থ ব্যয় করতে পারলে অফিসের কাজ কঠিন হয় না।
P149,লোভ মানুষের পরমশত্রু,বেশি লোভ করলে পাপ হয় এবং পাপ করলে ধ্বংস অনিবার্য।,general,অফিসে নতুন পদোন্নতির দৌড়ে এগিয়ে যাওয়ার জন্য রোহন সহকর্মীদের গুরুত্বপূর্ণ প্রজেক্টের ফাইল চুরি করে নিজের নামে জমা দিল। সে দ্রুত বড় পদে পৌঁছানোর অন্ধ মোহে নৈতিকতার সব সীমা লঙ্ঘন করে বসল। শেষ পর্যন্ত ম্যানেজমেন্ট বিষয়টি ধরে ফেললে তাকে চাকরিচ্যুত করা হয়।
P150,শোল বোয়ালের পোনা; যার যারটা তার কাছে সোনা,সব মায়ের কাছে তার সন্তান শ্রেষ্ঠ।,general,"অফিসের বার্ষিক মূল্যায়নে সবাই যখন অন্যের কাজের ভুল ধরতে ব্যস্ত, তখন সিনিয়র ম্যানেজার তার নিজের অদক্ষ জুনিয়র টিমকে সেরা হিসেবে উপস্থাপন করলেন। তিনি ঊর্ধ্বতন কর্তৃপক্ষের সামনে তাদের ছোটখাটো অবদানকে বড় করে তুলে ধরলেন। ফলস্বরূপ, নানা ত্রুটি থাকা সত্ত্বেও তার দলের সবাই পদোন্নতির তালিকায় অগ্রাধিকার পেল।"
P151,ষটকর্ণে মন্ত্রভেদ,মন্ত্রণার কথা তৃতীয়ব্যক্তি জানলেই সেটা আর গোপন থাকে না; মন্ত্রণা শুধু রাজা আর মন্ত্রীর মাঝে হওয়া উচিৎ।,general,অফিসে নতুন উচ্চপদে পদোন্নতির কথা কেবল বিশ্বস্ত ম্যানেজারের সাথেই আলোচনা করেছিলেন রায়হান সাহেব। কিন্তু সহকর্মীদের অনেকেই সেই গোপনীয় কৌশল জেনে যাওয়ায় প্রতিযোগীরা তার আগেই পরিকল্পনা ফাঁদে ফেলে দিল। ফলে শেষ মুহূর্তে পদোন্নতির সুযোগ হাতছাড়া হয়ে গেল।
P152,সাগরও শুকায় না পাপও লুকায় না,"সাগর যেমন কোনদিন শুকাবে না, পাপও তেমনি কোনদিন লুকনো যাবে না।",general,সহকর্মীর গুরুত্বপূর্ণ প্রেজেন্টেশন ফাইলটি চুরির মাধ্যমে অনৈতিকভাবে নিজের নামে উপস্থাপন করে সে শীর্ষ পদে পদোন্নতি বাগিয়ে নেয়। কিন্তু অচিরেই তার জালিয়াতির প্রমাণ সবার সামনে চলে আসায় কোম্পানি তাকে চাকরিচ্যুত করে। এতে তার দীর্ঘদিনের অর্জিত সুনাম চিরতরে ধুলোয় মিশে যায়।
P153,হাতে জল গলে না,অত্যন্ত কৃপণ ব্যক্তি।,general,অফিসের বার্ষিক পারফরম্যান্স বোনাস বিতরণের সময় ম্যানেজার সাহেব কর্মীদের দীর্ঘদিনের পরিশ্রমের ন্যায্য পাওনা থেকে বঞ্চিত করলেন। সামান্য কিছু বাড়তি খরচের আশঙ্কায় তিনি প্রতিটি ফাইলের হিসাব খুঁটিয়ে দেখে প্রাপ্য কমিশন আটকে দিলেন। ফলে পুরো টিম কঠোর পরিশ্রম করেও কোনো আর্থিক স্বীকৃতি বা পদোন্নতির মুখ দেখল না।
P154,"‘কি হতে পারি’ কথা নয়, কথা হল ‘কি করতে পারি'",নিজের চেষ্টায় করার আনন্দই আলাদা।,general,অফিসের সিনিয়র ম্যানেজার পদটি পাওয়ার জন্য অনেক সহকর্মী দীর্ঘদিন ধরে ঊর্ধ্বতন কর্তৃপক্ষের কাছে কেবল তদবির ও চাটুকারিতা চালিয়ে যাচ্ছিলেন। কিন্তু অয়ন পিছিয়ে না থেকে নিজের দায়িত্বের প্রজেক্টটি একা হাতে নির্দিষ্ট সময়ের আগেই সফলভাবে সম্পন্ন করে কোম্পানির লাভ বাড়িয়ে দিল। শেষ পর্যন্ত ঊর্ধ্বতন কর্তারা তার এই কর্মদক্ষতা ও বাস্তব অবদানকেই মূল্যায়ন করলেন।
P155,'বিয়ে কর কালো তাই গৃহস্থের ভালো',গৃহস্থকে কাল মেয়ে বিয়ে করার পরামর্শ,general,"সবাই যখন বড় কোনো লোভনীয় প্রজেক্টের পেছনে ছুটছিল, তখন সে চুপচাপ পড়ে থাকা সবচেয়ে কঠিন এবং জটিল দায়িত্বটি নিজের কাঁধে তুলে নিল। ম্যানেজমেন্টের কাছে নিজের বাহবা নেওয়ার চেয়ে সে নিখুঁতভাবে কাজটি সম্পন্ন করার ওপর বেশি জোর দিল। এর ফলে ঊর্ধ্বতন কর্তৃপক্ষের আস্থা অর্জন করে সে সহজেই কাঙ্ক্ষিত পদোন্নতিটি পেয়ে গেল।"
P156,অতিঘরন্তী না পায় ঘর,ভাগ্যদোষে অতি নিপুণা ঘরণীও সংসার পাততে পারে না।,general,অফিসের প্রতিটি নিয়ম নিখুঁতভাবে মেনে চলার পরও রহমত সাহেব পদোন্নতির চূড়ান্ত তালিকায় স্থান পেলেন না। তিনি তার কাজের প্রতিটি ধруп এত বেশি নিখুঁত করতে গেলেন যে শেষ পর্যন্ত কোম্পানির নির্ধারিত ডেডলাইনেই প্রজেক্ট জমা দিতে ব্যর্থ হলেন। ফলে অতিরিক্ত দক্ষতা দেখানোর এই প্রবণতাই তার কেরিয়ারের অগ্রগতির পথে বড় বাধা হয়ে দাঁড়াল।
P157,আমড়াগাছে আম ফলে না,কুবংশে সুসন্তান জন্মায় না; মন্দলোকের কাছে ভালো ব্যবহার প্রত্যাশা করা যায় না,general,অফিসের দুর্নীতিবাজ ও অদক্ষ ম্যানেজার দীর্ঘদিন ধরে কোনো ভালো প্রজেক্ট সময়মতো জমা দিতে পারেনি। ঊর্ধ্বতন কর্তৃপক্ষ তার ওপর ভরসা করে একটি বড় ক্লাইন্টের দায়িত্ব অর্পণ করে। শেষ পর্যন্ত সে যথারীতি ব্যর্থ হয় এবং পুরো টিম বড় ধরণের আর্থিক ক্ষতির মুখে পড়ে।
P158,ইঁদুর ডুবন্ত জাহাজ ছেড়ে পালায়,মানুষ বিপদে পড়লে উপকৃতরা আগে তাকে ছাড়ে।,general,প্রতিষ্ঠানের বার্ষিক অডিটে বিশাল আর্থিক তছরুপের অভিযোগ ওঠার সাথে সাথেই মার্কেটিং প্রধান তার দীর্ঘদিনের অনুগত সহকর্মীদের বিপদে ফেলে গোপনে পদত্যাগপত্র জমা দিলেন। ফলে তদন্ত কমিটির মুখোমুখি হয়ে বাকিরা বুঝতে পারলেন যে ক্ষমতার লোভ দেখিয়ে তাদের ব্যবহার করা হলেও চরম সংকটের মুহূর্তে আসল সুবিধাভোগী ব্যক্তিটি সবার আগে পিঠটান দিয়েছেন।
P159,ঈশ্বর যা করেন মঙ্গলের জন্যই করেন,ঈশ্বরের ইচ্ছা অনিচ্ছা আমাদের বোধগম্য নয়। তবে এই বিশ্বাস মনে রাখলে মন বিক্ষিপ্ত হয় না।,general,অনেক চেষ্টা সত্ত্বেও কাঙ্ক্ষিত পদোন্নতি না পেয়ে অর্ক প্রথমে ভীষণ হতাশ হয়ে পড়েছিল। সে তখন মন খারাপ না করে নিজের ভুলগুলো শুধরে নিয়ে আরও নিষ্ঠার সাথে কাজ করতে শুরু করল। কিছুদিন পর নতুন একটি বড় প্রকল্পের দায়িত্ব পেয়ে সে বুঝতে পারল আগের পদোন্নতি না হওয়াটাই তার ক্যারিয়ারের জন্য আসলে ভালো হয়েছিল।
P160,উড়তে পারে না ফুরফুর করে,"অক্ষমের বাড়াবাড়ি; কাজ করার শক্তি নেই, তবুও কাজ করার ইচ্ছা জাগে।",general,সংসারের নিত্যদিনের টানাপোড়েন না বুঝেই নতুন জামাই শৌখিনভাবে শহরে বিলাসবহুল ফ্ল্যাট ভাড়া নেওয়ার জেদ ধরল। অথচ তার সামান্য বেতনের চাকরি দিয়ে চাল-ডালের খরচ মেটানোই কষ্টকর হয়ে দাঁড়ায়। শেষ পর্যন্ত অতিরিক্ত ঋণের দায়ে তাদের সংসারে নিত্যদিন অশান্তি লেগেই রইল।
P161,ঊনো বর্ষা দুনো শীত- খনা,বৃষ্টি কমে হলে শীত বেশি পড়ে।,general,বছরের শুরুতে লক্ষ্যমাত্রা পূরণে অবহেলা করায় সিনিয়র ম্যানেজমেন্টের কাছে চরম তিরস্কার শুনতে হয়েছিল। পরবর্তীতে কঠোর পরিশ্রমে সেই ঘাটতি পুষিয়ে নিলেও অন্য ডিপার্টমেন্টের সাথে কোন্দল বেড়ে গেল। শেষ পর্যন্ত কাজের বড় চাপ সামলাতে গিয়ে মানসিক অবসাদ ও প্রমোশন হাতছাড়া হওয়ার পরিস্থিতি তৈরি হলো।
P162,এমন মানবজীবন রইল পতিত আবাদ করলে ফলত সোনা,ঠিক সময়ে ঠিক কাজ করলে জীবনরূপ জমি ফুলে-ফলে ভরে তোলা যায়,general,কোডিং ত্রুটিগুলো প্রথম দিকে সমাধান না করে ফেলে রেখেছিলেন ডেভেলপার আদনান। ক্লায়েন্টের ডেডলাইনের আগের রাতে শত চেষ্টা করেও তিনি সার্ভার ক্র্যাশ ঠিক করতে পারেননি এবং অর্ডার বাতিল হয়ে যায়। নির্দিষ্ট মুহূর্তে যথাযথ পদক্ষেপ না নিলে বড় ধরনের মাশুল গুণতে হয়।
P163,"ওল বলে, মানকচু তুই নাকি লাগ",নিজের ত্রুটির প্রতি নজর নেই পরের দোষ খুঁজে বেড়ায়।,general,বার্ষিক মূল্যায়নে নিজেই কাজের চরম বিশৃঙ্খলা তৈরি করেও সিনিয়র ম্যানেজার সবার সামনে নিজের ভুল ঢাকতে জুনিয়র সহকর্মীদের তীব্র সমালোচনা করেন। অথচ তার নিজের ফাইলগুলোতে সবচেয়ে বেশি অডিট আপত্তি রয়েছে যা তিনি সম্পূর্ণ এড়িয়ে যান। এর ফলে অফিসে তার বিশ্বাসযোগ্যতা পুরোপুরি নষ্ট হয়ে যায় এবং জুনিয়রদের মনে অসন্তোষ তৈরি হয়।
P164,কুমিরের সঙ্গে বিবাদ করে জলে/পানিতে বাস,"যার যেখানে প্রভুত্ব, সেখানে তার সাথে বিবাদ করে বাস করা যায় না।",general,"অফিসের কঠোর নীতি নির্ধারণকারী উর্ধ্বতন কর্মকর্তার সিদ্ধান্তের বিরুদ্ধে সরাসরি অবস্থান নিয়েছিল উদীয়মান তরুণ কর্মকর্তা অনিক। সে নিজের মতামত প্রকাশের জন্য বারবার কর্তৃপক্ষের উপর চড়াও হয় এবং ফলস্বরূপ তার বার্ষিক মূল্যায়ন নেতিবাচক হয়ে দাঁড়ায়। পরিশেষে, এই অপ্রয়োজনীয় দ্বন্দ্বে জড়িয়ে সে নিজের কাঙ্ক্ষিত পদোন্নতি তো হারালই, বরং চাকরি টিকিয়ে রাখাই তার জন্য কঠিন হয়ে পড়ল।"
P165,"খেয়ে যার হজম হয়, ব্যাধি তার দূরে রয়",হজম হওয়া সুস্থতার লক্ষণ।,general,অফিসের নতুন প্রজেক্টের কঠিন দায়িত্বগুলো জুনিয়র কর্মকর্তারা অনেক সময় সহজে গ্রহণ করতে চায় না। তারা প্রতিদিন একটু একটু করে কাজগুলো বুঝে নিয়ে নিখুঁতভাবে শেষ করতে সচেষ্ট হয়। নিয়মানুযায়ী ছোট ছোট চ্যালেঞ্জগুলো সফলভাবে পার করায় তাদের কর্মজীবনে বড় কোনো সংকট তৈরি হয় না।
P166,"গুরু বোবা শিষ্য কালা, যেমন গুরু তেমন চেলা",উভয়ই মন্দ/মূর্খ; মনিকাঞ্চনযোগ।,general,প্রতিষ্ঠানের শীর্ষ ব্যবস্থাপনার জন্য দুজন অযোগ্য কর্মীকে দায়িত্ব দেওয়া হয়েছিল। তারা দুজন মিলে ভুল কৌশল প্রণয়ন করে সমস্ত প্রকল্পের বাজেট পণ্ড করে দিল। পরিশেষে পুরো বিভাগটি লোকসানের মুখে পড়ে বন্ধ হয়ে গেল।
P167,ঘরের দরজা খোলা পেলে সাধুও চোর হয়,খোলা দরজা সজ্জনকেও প্রলুব্ধ করে।,general,অফিসের সিনিয়র ম্যানেজার তার ব্যক্তিগত লগইন পাসওয়ার্ডটি ডেস্কে পোস্ট ইটে লিখে রেখেছিলেন। জুনিয়র সহকারী লোভ সামলাতে না পেরে সেই গোপন কোড ব্যবহার করে নিজেই নিজের পদোন্নতির ফাইল অনুমোদন করে নিলেন। শেষ পর্যন্ত অভ্যন্তরীণ অডিটে বিষয়টি ধরা পড়ায় তার চাকরি চলে গেল।
P168,চাল নেই তার ধুচুনি নাড়া,দৈন্যাবস্থা চাপা দেওয়ার আপ্রাণ চেষ্টা।,general,অফিসের বার্ষিক মূল্যায়নে রিফাতের প্রজেক্ট পারফরম্যান্স একদম খারাপ হওয়ায় তার চাকরি হারানোর উপক্রম হয়েছিল। কিন্তু সে সবার সামনে বড় বড় কনসালটেন্সি বুক টেবিলের ওপর সাজিয়ে মিটিংয়ে লম্বা গলায় কথা বলতে শুরু করল। শেষ পর্যন্ত তার এই ভনিতা ধরা পড়ে যাওয়ায় বসের কাছে চরম অপমানিত হতে হলো।
P169,ছল করে জল আনা,এক কার্যসিদ্ধির জন্য অন্য কাজের অভিনয় করা।,general,বার্ষিক পদোন্নতির তালিকায় নিজের নাম তুলতে রিয়াদ সাহেব ঊর্ধ্বতন কর্মকর্তার ব্যক্তিগত কাজ তদারকি করার অভিনব কৌশল নিলেন। তিনি মূলত প্রকল্পের মূল দায়িত্বে নিজের ব্যর্থতা ঢাকতে এই চাটুকারিতার আশ্রয় নিলেন। পরিণামে কাজের মান উন্নত না হলেও ম্যানেজারের কৃপাদৃষ্টি ঠিকই তার অনুকূলে চলে আসল।
P170,জলবিন্দুপাতেন ক্রমশঃ পূর্যতে ঘটঃ,ফোঁটাফোঁটা জল পড়ে ঘট ভর্তি হয়; সৃষ্টি তিলেতিলে গড়ে ওঠে,general,অফিসে হঠাৎ করে একদিনে কেউ বড় কর্মকর্তা হতে পারে না। প্রতিদিনের ছোট ছোট দায়িত্ব সততার সাথে পালন করতে হয়। এভাবেই দীর্ঘদিনের নিখুঁত কাজের মূল্যায়ন হিসেবে একসময় কাঙ্ক্ষিত পদোন্নতি মেলে।
P171,ঝিনুকমাত্রেই শুক্তি থাকে না,হাত পা থাকলেই মানুষ হয় না; সব মানুষ মানুষ নয়,general,অফিসের সিনিয়র ম্যানেজার পদে দীর্ঘদিন কাজ করার সুবাদে প্রবীণ কর্মী হিসেবে তার নাম বিবেচনা করা হয়েছিল। কিন্তু তার মধ্যে নেতৃত্ব দেওয়ার মানসিকতা এবং প্রাতিষ্ঠানিক দূরদর্শিতার চরম ঘাটতি দেখতে পাওয়া গেল। ফলে ম্যানেজমেন্ট তাকে পদোন্নতি না দিয়ে কাজের জায়গায় বহাল রাখল।
P172,টাকায় বাঘের দুধ মেলে,অর্থে জোরে অসম্ভবকে সম্ভব করা যায়।,general,"বার্ষিক মূল্যায়নে ভালো করেও সাধারণ কর্মীরা উর্ধ্বতন কর্তৃপক্ষের মনোযোগ আকর্ষণ করতে ব্যর্থ হচ্ছিল। সিনিয়র ম্যানেজমেন্টকে ম্যানেজ করতে এবং নিজের পক্ষে রায় আনতে সে মোটা অংকের লবিং ফান্ড ব্যবহার করল। ফলস্বরূপ, কোনো যোগ্যতা না থাকা সত্ত্বেও সে সবার আগে কাঙ্ক্ষিত পদোন্নতিটি বাগিয়ে নিল।"
P173,ঠেলায় পড়লে বাঘেও ঘাস খায়,বাধ্য হলে অপছন্দকেও স্বীকার করতে হয়।,general,অফিসে সারাজীবন সৃজনশীল কাজের দায়িত্বে থাকতে পছন্দ করলেও হঠাৎ করেই বিপণন বিভাগের প্রধান পদটির জন্য প্রচণ্ড চাপের মুখে পড়তে হলো। নিরুপায় হয়ে নিজের স্বভাববিরুদ্ধ ও অপছন্দের লক্ষ্যমাত্রা পূরণের সেই দায়িত্ব তাকে ঘাড় পেতে নিতে হলো। শেষ পর্যন্ত বহু কসরত করে সে কাজটি সফলভাবে সম্পন্ন করল এবং নিজের কেরিয়ার বাঁচাতে বাধ্য হয়েই এই নতুন ভূমিকাটি মেনে নিল।
P174,"ডাঙায় বাঘের ভয়, জলেতে কুমীর","উভয়সঙ্কট; সমার্থক বাগধারা- এগুলে রাম পিছুলে রাবণ, শাঁখের করাত, যেতেও কাটে আসতেও কাটে; সাপের ছুঁচো গেলা ইত্যাদি",general,ক্লায়েন্টের সময়মতো প্রজেক্ট জমা দিতে কোড দ্রুত পরিবর্তন করতে গিয়ে নতুন সব জটিল ত্রুটি সামনে চলে আসে। কোড ঠিক করতে গেলে ডেডলাইন মিস হওয়ার শঙ্কায় ক্লায়েন্ট অর্ডার বাতিল করতে পারে। এমতাবস্থায় সে প্রযুক্তির এমন এক গোলকধাঁধায় আটকা পড়েছে যে কোনো সিদ্ধান্তই স্বস্তি দিচ্ছে না।
P175,ঢেঁকি কেন গাঁ বেড়াক না গড়ে পড়লে হল,"অন্য কাজ যা খুশি করুক, আমার কিছু যায় আসে না, আ্রমার কাজটা হলেই হল।",general,অফিসের সহকর্মীরা নিজেদের মধ্যে লবিং আর রাজনীতি নিয়ে ব্যস্ত সময় কাটাচ্ছিল। আমি কারো গ্রুপিংয়ে না ভিড়ে সম্পূর্ণ মনোযোগ নিজের কাজ ও প্রজেক্টের গুণগত মানের ওপর দিলাম। শেষ পর্যন্ত অন্যেরা ব্যর্থ হলেও আমার প্রমোশন নিশ্চিত হয়ে গেল।
P176,"তপ্ত ভাতে নুন জোটে না, পান্তা ভাতে ঘি",সামান্য বিষয় জোটে না অসামান্যের দাবী।,general,অফিসের সাধারণ ফাইলপত্র সময়মতো গুছিয়ে রাখার দক্ষতা নেই অথচ তরুণ কর্মীটি হঠাৎ করেই ডিরেক্টর পদ পাওয়ার দাবি তুলল। ম্যানেজমেন্ট তার এমন অযৌক্তিক উচ্চাশা দেখে বিস্মিত হলো। অথচ তার নিজের কাজের টেবিলটাই সবসময় বিশৃঙ্খল হয়ে থাকে।
P177,"থাকরে কুকুর আমার আশে, ভাত দেবো তোরে ভাদ্রমাসে",অনির্দিষ্ট কালের জন্য কাউকে আশা দিয়ে রাখা।,general,বসের বারবার মৌখিক আশ্বাসের ভিত্তিতে অনিমেষ অতিরিক্ত দায়িত্ব পালন করে যাচ্ছিল। মাস শেষে নতুন বেতনের কথা উঠলেই নানা অজুহাতে বিষয়টি এড়িয়ে যাওয়া হতো। শেষ পর্যন্ত সে বুঝতে পারল তাকে কেবল দীর্ঘমেয়াদী মিথ্যা আশ্বাসের মোহেই আটকে রাখা হয়েছে।
P178,দুঃখে অনুদ্বিগমনা সুখেচ বিগতস্পৃহ,দুঃখে অনুদ্বিগ্ন এবং সুখে স্পৃহাহীন থাকা।,general,"বার্ষিক মূল্যায়নে কাঙ্ক্ষিত পদোন্নতি না পেয়ে সহকর্মীরা যখন চরম হতাশায় নিমজ্জিত, তখন সে নিজের কাজ নিখুঁতভাবে চালিয়ে গেল। পরবর্তীতে অপ্রত্যাশিতভাবে সিনিয়র ম্যানেজমেন্টের বিশেষ দায়িত্ব পেলেও সে বিন্দুমাত্র অহংকার বা অতিরিক্ত উল্লাস প্রকাশ করল না। বরং সে আগের মতোই শান্ত থেকে পুরো টিমকে নিয়ে একসাথে এগিয়ে যাওয়ার পরিকল্পনা করল।"
P179,"ধনে সুখ নয়, মনে সুখ","ধনের সুখ ক্ষণস্থায়ী, মনের সুখ চিরস্থায়ী।",general,অফিসে নতুন পদোন্নতি পেয়ে অরিন্দম বড় কেবিনের অধিকারী হলেও কাজের অতিরিক্ত চাপে তার রাতের ঘুম পুরোপুরি হারিয়ে গেল। সে প্রতিদিন দলীয় বৈঠকের পর কেবল হিসাব মেলাতে ব্যস্ত থাকে কিন্তু নিজের ভেতর এক অদ্ভুত শূন্যতা অনুভব করে। ফলে এই বিলাসবহুল চেয়ারেও সে আগের মতো আর কোনো স্বস্তি খুঁজে পায় না।
P180,ন হি সুখং দুঃখখৈর্বিনা লভ্যতে,দুখঃবিনা সুখ হয় না; কষ্ট সহ্য না করলে কেষ্ট পাওয়া যায় না,general,অফিসের নতুন প্রকল্পের দায়িত্ব নেওয়ার পর থেকেই অনিয়মিত ঘুমের রাত আর অতিরিক্ত মানসিক চাপ সহ্য করতে হচ্ছিল। তবুও হাল ছেড়ে না দিয়ে প্রতিদিন টানা দশ ঘণ্টা করে কঠোর পরিশ্রম করে কাজটি সময়মতো জমা দিলাম। অবশেষে কর্তৃপক্ষের স্বীকৃতিস্বরূপ সিনিয়র ম্যানেজার পদে আমার পদোন্নতি হলো।
P181,"পাপ করলেই ভুগতে হয়, কথাটা যেন মনে রয়",মনে রেখো পাপের শাস্তি অনিবার্য।,general,সহকর্মীর গুরুত্বপূর্ণ প্রজেক্টের ফাইল চুরি করে নিজের নামে জমা দিয়ে সে পদোন্নতি বাগিয়ে নিয়েছিল। কিন্তু উচ্চপদস্থ কর্মকর্তারা তদন্তে তার এই চাতুরি ধরে ফেলেন এবং তাকে চাকরিচ্যুত করেন। ফলস্বরূপ তার দীর্ঘদিনের ক্যারিয়ার এক নিমিষেই ধ্বংস হয়ে গেল।
P182,ফল্গুনদী অন্তঃসলিলা,"চাপা স্বভাবের লোক যে বাইরে বেশ শান্তশিষ্ট, কিন্তু মনের গভীরে কি আছে জানা নেই।",general,অফিসের শান্ত স্বভাবের ম্যানেজার রফিক সাহেব সবসময় মুখ বুজে নিজের কাজ করে যেতেন এবং ঊর্ধ্বতন কর্মকর্তাদের সাথে খুব কম কথা বলতেন। হঠাৎ করে বার্ষিক মূল্যায়নের দিনে তার জমা দেওয়া প্রজেক্টের নিখুঁত কাজ দেখে সবাই অবাক হয়ে গেল। শেষ পর্যন্ত তার নীরব পরিশ্রমের ফলেই তিনি পদোন্নতি পেলেন।
P183,"বক, হাঁসের দলে শোভা পায় না",বিজ্ঞদের মাঝে অজ্ঞ শোভা পায় না।,general,"অফিসের সিনিয়র ম্যানেজার পদে নিয়োগের জন্য বোর্ড মিটিংয়ে জুনিয়র মার্কেটিং এক্সিকিউটিভ অনিরুদ্ধ তার নাম প্রস্তাব করায় সবাই অবাক হলো। সে কখনো বড় প্রজেক্ট পরিচালনার জটিলতা বোঝেনি এবং তার অভিজ্ঞতা ছিল একেবারেই নগণ্য। ফলস্বরূপ, ইন্টারভিউ বোর্ডে তার এই অপরিপক্বতার কারণে ঊর্ধ্বতন কর্মকর্তারা তাকে সম্পূর্ণ অযোগ্য ঘোষণা করলেন।"
P184,"ভাল করতে পারি না, মন্দ করতে পারি","ঈর্ষা, দ্বেষ, পরশ্রীকতরতার ইত্যাদি কারণে সাদারণ মানুষ অপরের অনিষ্টই বেশি করে।",general,"সহকর্মী সায়ন যখন সিনিয়র পদে উন্নীত হলো, তখন অন্য সহকর্মী মিলনের তা সহ্য হলো না। সে সরাসরি নিজের কাজের মান উন্নত করার চেষ্টা না করে উল্টো ঊর্ধ্বতন কর্তৃপক্ষের কাছে মিথ্যা অভিযোগ পাঠাল। এর ফলে পুরো প্রকল্পের কাজ পিছিয়ে গেল এবং শেষ পর্যন্ত কোম্পানির পরিবেশ চরম বিষাক্ত হয়ে উঠল।"
P185,মনের অগোচরে পাপ নেই,মনের কাছ থেকে পাপ লুকোছাপা করা যায় না।,general,"অফিসের রুদ্ধদ্বার মিটিংয়ে সহকর্মীর উদ্ভাবনী পরিকল্পনা নিজের নামে চালিয়ে দিয়ে সিনিয়র ম্যানেজারের বাহবা কুড়ালো অমল। পদোন্নতির চিঠি হাতে পেয়ে সে বিজয়ীর হাসি হাসলেও রাতের ঘুমে তার নিজের ভেতরের বিবেকটাই তাকে কাঠগড়ায় দাঁড় করালো। নিজের সাথে এই লুকোচুরির খেলায় সে বুঝতে পারল, বাহ্যিক সাফল্য পেলেও নিজের কাছে নিজের সততা হারানো কখনো মুছে ফেলা যায় না।"
P186,"যারা মন্দিরে যায়, তারা সবাই সাধু নয়।",মন্দিরে যারা যায় তাদের অধিকাংশের গায়ে স্বার্থের নামাবলী জড়ানো থাকে।,general,অফিসের সিনিয়র কর্মকর্তার জন্মদিনে দীর্ঘ শুভেচ্ছা বার্তা লিখে সামাজিক মাধ্যমে প্রকাশ করেন সুমিত। ঊর্ধ্বতন কর্তৃপক্ষকে খুশি করতে সে নিয়মিত বড় বড় সেমিনারে অংশ নেয় এবং নিজের অবদান জাহির করে। দিনশেষে কাজের মান খারাপ হলেও এই অতিভক্তি প্রদর্শনের কারণে সে সবার আগে পদোন্নতি বাগিয়ে নেয়।
P187,রাত নামলে লোকে দিনের প্রশংসা করে,থাকলে পরে খেয়াল হয় না; না থাকলে খোঁজ পড়ে।,general,শনিবারের কর্মব্যস্ত দুপুরেও দলনেতা অর্ক নিরলসভাবে জুনিয়র কর্মীদের কোডিংয়ে সাহায্য করতেন কিন্তু অফিসের সবাই তা গুরুত্ব দিত না। গত সোমবার হঠাৎ তিনি পদত্যাগ করায় পুরো দলের প্রজেক্টের কাজ থমকে গেছে। এখন ম্যানেজমেন্টের কাছে সবাই তার প্রকৃত নেতৃত্ব গুণের কথা বারবার স্বীকার করছে।
P188,লাখ কথা নইলে বিয়ে হয় না,অনেক কথা কাটাকাটি ও চালাচালি না হলে সম্বন্ধ করে বিয়ে হয় না।,general,বার্ষিক মূল্যায়নের সময় জ্যেষ্ঠ ব্যবস্থাপক পদটির জন্য তিনজন প্রার্থী তীব্র প্রতিদ্বন্দ্বিতায় লিপ্ত হন। দীর্ঘ মিটিংয়ে তাদের কাজের খতিয়ান ও ভুলত্রুটি নিয়ে ব্যাপক দরকষাকষি চলে। অবশেষে সবার মতৈম্যের ভিত্তিতে একজনের নাম চূড়ান্ত করা হয়।
P189,শকুন যতই উপরে উঠুক নজর তার নীচের দিকে,কুব্যক্তির নজর কখনো সু হয় না; নীচ ব্যক্তির নজর নীচুই হয়।,general,শরীফ সাহেব কঠোর পরিশ্রমে কোম্পানির বিপণন প্রধান পদে উন্নীত হলেন। কিন্তু উচ্চাসনে বসার পরও তার কুৎসিত স্বভাব বদলাল না এবং অধীনস্থদের ছোট করার পুরোনো অভ্যাস রয়ে গেল। ফলে নতুন ক্ষমতার বলয়ে থেকেও তিনি সহকর্মীদের ক্ষতি করার ফন্দি আঁটতে লাগলেন।
P190,ষড়রিপু জয়ী বিশ্বজয়ী,শরীরের ছয় রিপুকে জয় করতে পারলে জগৎ জয় করা যায়।,general,অফিসের বার্ষিক মূল্যায়নে জুনিয়র কর্মকর্তা অনীশ ক্ষুব্ধ হয়ে বসের বিরুদ্ধে মুখ খুলতে উদ্যত হয়েছিল। সে নিজের রাগ ও অহংকার সংযত করে ধৈর্য ধরে কাজের মাধ্যমে নিজেকে প্রমাণ করার সিদ্ধান্ত নিল। পরিণামে তার এই আত্মসংযম করপোরেট কর্তৃপক্ষের নজর কাড়ল এবং সে কাঙ্ক্ষিত পদোন্নতি লাভ করল।
P191,সাপও মরে লাঠিও না ভাঙ্গে,কাজ যেন উদ্ধার হয় এবং যার দ্বারা কার্যসিদ্ধি হ'ল তারও যেন ক্ষতি না হয়।,general,"অফিসে নতুন বস একজন অত্যন্ত কঠোর স্বভাবের মানুষ ছিলেন, যার কারণে পুরো টিম সবসময় এক ধরণের মানসিক চাপে ভুগত। অনিমেশ অত্যন্ত সুকৌশলে বসের ক্ষোভ এড়িয়ে নিজের প্রজেক্টটি সফলভাবে সম্পন্ন করল। এর ফলে তার পদোন্নতির পথও সুগম হলো এবং বসের সাথে সম্পর্কও চমৎকার রইল।"
P192,হাতে যদি ফল পাই তবে কেন আঁকুশি চাই,সহজ উপায়ে কাজ উদ্ধার হ'লে জটিল পথ ধরার প্রয়োজন নেই; নিজেই কাজ করতে পারলে অপরের সাহায্য নেওয়ার প্রয়োজন নেই।,general,বার্ষিক মূল্যায়নে ভালো পজিশন পেতে সবাই ঊর্ধ্বতন কর্মকর্তাদের তোষামোদ করার পেছনে ছুটছিল। আমি কারও সুপারিশ বা লবিং না ধরে নিজের টেবিলে থাকা প্রজেক্টের কাজ নিখুঁতভাবে শেষ করলাম। এর ফলে ম্যানেজমেন্ট সরাসরি আমার পারফরম্যান্স দেখে পদোন্নতির ব্যবস্থা করল।
P193,‘আমি আমি’ করেই মানুষ মল,অহংকারেই মানুষ মরে।,general,বড় একটি প্রকল্পের সফলতার সব কৃতিত্ব নিজের একাার্পে নেওয়ার জেদ ধরলেন জুনিয়র ম্যানেজার। দলের বাকি সদস্যদের বাদ দিয়ে তিনি নিজেই সব জায়গায় বড়াই করতে লাগলেন। শেষ পর্যন্ত ঊর্ধ্বতন কর্তৃপক্ষ তার এই অতিরিক্ত আত্মম্ভরিতা দেখে তাকে দায়িত্ব থেকে সরিয়ে দিল।
P194,"'খুঁটির গোড়ায় নেইকো মাটি, কিসে ঘর রবে খাঁটি'- লালন",ভাল মুরুব্বির থাকলে উন্নতি সহজ হয়।,general,অফিসে নতুন প্রজেক্টের দায়িত্ব নেওয়ার সময় অনেকেই শীর্ষ নেতৃত্বের দিকনির্দেশনা উপেক্ষা করে নিজেদের মতো কাজ শুরু করেন। পরবর্তীতে সঠিক তদারকি ও অভিজ্ঞ সিইও-র পরামর্শের অভাবে পুরো প্রজেক্ট মাঝপথে ব্যর্থতায় পর্যবসিত হয়। অভিজ্ঞ মুরুব্বির সঠিক তত্ত্বাবধান না থাকায় তাদের দীর্ঘমেয়াদী পদোন্নতির পথটিও চিরতরে বন্ধ হয়ে যায়।
P195,অন্ধ জাগো না কিবা রাত্রি কিবা দিন,যার কষ্টের সীমা-পরিসীমা নেই সে সব বিষয়েই নিস্পৃহ।,general,বার্ষিক মূল্যায়নে লাগাতার বঞ্চিত হয়ে অভিজিতের মনে এখন চরম হতাশা বাসা বেঁধেছে। সে এখন আর নতুন কোনো প্রজেক্টের জন্য অতিরিক্ত সময় কাজ করে না। অফিসের উচ্চপদস্থ কর্মকর্তাদের বকাঝকা বা প্রশংসার কোনোটিই তার মনে আর কোনো রেখাপাত করে না।
P196,"আগে গেলে বাঘে খায়, পাছে গেলে টাকা/সোনা পায়","যে আগে থাকে বাঘ আগে তাকেই আক্রমণ করে; ঝড়ঝাপ্টা আগের লোককেই প্রথমে লাগে; তাড়াতাড়ি করা নেই, তাতে ভুল হয়; কার্যসিদ্ধির জন্য সময় লাগে",general,উচ্চপদস্থ কর্মকর্তার নতুন প্রকল্পের ঘোষণা শোনার সাথে সাথেই অনিমেষ কোনো রূপ প্রস্তুতি বা পরিকল্পনা ছাড়াই নিজের নাম প্রস্তাব করে বসল। অতিরিক্ত উৎসাহের খেসারত হিসেবে সমস্ত ভুলত্রুটির দায় তার কাঁধে এসে পড়ল এবং সে মারাত্মক পেশাদারী সংকটে পড়ল। অথচ শান্ত স্বভাবের সুমিত সমস্ত পরিস্থিতি গভীরভাবে পর্যবেক্ষণ করে উপযুক্ত সময়ে মাঠে নেমে সফল হলো।
P197,"ইঁদুর গর্ত খুঁড়ে মরে, সাপ এসে দখল করে",দুর্বলের উপর সবলের অত্যাচার।,general,জুনিয়র কর্মকর্তা রোহান পুরো রাত জেগে অত্যন্ত নিখুঁতভাবে কোম্পানির বার্ষিক কৌশলগত প্রতিবেদন তৈরি করল। কিন্তু পরদিন সকালে ঊর্ধ্বতন ব্যবস্থাপক নিজের নামে সেই প্রজেক্টটি জমা দিয়ে উচ্চপদস্থ কর্তৃপক্ষের কাছ থেকে পদোন্নতি বাগিয়ে নিলেন। রোহানের সমস্ত কঠোর পরিশ্রম ও মেধার স্বীকৃতি অন্য কেউ বিনা পরিশ্রমে ছিনিয়ে নিল।
P198,ঈশ্বরঃ সর্বভূতানাং হৃদ্দেশেহর্জুন তিষ্ঠতি,ঈশ্বর সর্বত্র বিরাজ করেন।,general,"অফিসের রুদ্ধদ্বার মিটিংয়ে সবাই যখন বড় কর্তার মনোযোগ কাড়তে ব্যস্ত, তখন জুনিয়র অর্ঘ্য চুপচাপ তার নির্ধারিত কাজ শেষ করে গেল। বস পরে জানতে পারলেন যে অর্ঘ্যের নিখুঁত অবদানের জন্যই প্রজেক্টটি সফল হয়েছে। ফলে পদোন্নতির তালিকায় সবার অজান্তে অর্ঘ্যের নামই সবার উপরে উঠে এল।"
P199,উপায়জ্ঞের কাছে দুঃসাধ্য কাজও সহজসাধ্য মনে হয়-,উপায়জ্ঞ সমাধানের সহজ পথ খুঁজে পায়।,general,বার্ষিক লক্ষ্য অর্জনের শেষ মুহূর্তে সিস্টেম ক্র্যাশ করায় পুরো দল চরম বিপাকে পড়েছিল। কিন্তু জ্যেষ্ঠ ব্যবস্থাপক কোনো আতঙ্কিত না হয়ে ব্যাকআপ ফাইল থেকে মুহূর্তেই সব পুনরুদ্ধার করলেন। তার এই চতুর দক্ষতায় নির্ধারিত সময়ের আগেই কাজ শেষ হলো এবং ঊর্ধ্বতন কর্তৃপক্ষ তাকে পুরস্কৃত করল।
P200,এক লাঠিতে সাত সাপ মারি,এক কৌশলে বহুকাজ হাসিল করার চেষ্টা।,general,অফিসের বাৎসরিক মূল্যায়নে কাজের চাপ চরমে পৌঁছালে নতুন কর্মীটি এক অভিনব কৌশল অবলম্বন করল। সে একসাথে ক্লায়েন্টের দীর্ঘদিনের আটকে থাকা বকেয়া আদায় এবং কোম্পানির জন্য একটি নতুন প্রজেক্টের অনুমোদন করিয়ে আনল। এর ফলে কর্তাব্যক্তিরা তার ওপর সন্তুষ্ট হয়ে তাকে সরাসরি জ্যেষ্ঠ ব্যবস্থাপক পদে উন্নীত করলেন।
P201,ওঝার বেটা বনগরু,পণ্ডিতের ছেলে মহামূর্খ।,general,প্রতিষ্ঠানের শীর্ষ ম্যানেজমেন্টের সন্তানেরা জন্মসূত্রে কর্পোরেট সংস্কৃতির উত্তরাধিকার পেলেও বাস্তব ব্যবসায়িক প্রজ্ঞার চরম অভাব থাকে। কোম্পানির প্রধান নির্বাহীর একমাত্র পুত্রকে সরাসরি বিপণন বিভাগের প্রধান হিসেবে নিয়োগ দেওয়া হলো। কিন্তু তার ভুল কৌশল ও অপরিপক্ব সিদ্ধান্তের কারণে প্রতিষ্ঠানটি রেকর্ড পরিমাণ আর্থিক ক্ষতির সম্মুখীন হয়।
P202,কথায় মন ভিজে চিঁড়ে ভেজে না,শুধু কথায় কারো মন জয় করা যায় কিন্তু কোন কাজ হয় না।,general,বার্ষিক মূল্যায়নের সময় জ্যেষ্ঠ ব্যবস্থাপক তার অধীনস্থ কর্মীর কাজের ভূয়সী প্রশংসা করে তাকে বড় পদের আশা দিলেন। কিন্তু মাস শেষ হলেও নতুন দায়িত্ব বা আর্থিক সুবিধা কোনোটিই বাস্তবায়িত হলো না। শেষ পর্যন্ত সেই কর্মী দেখল শুধু মিষ্টি আশ্বাসে পদোন্নতির ফাইলটি পড়ে রইল।
P203,"খাওয়াবে হাতির ভোগে, দেখবে বাঘের চোখে",ছেলে মানুষ করার স্বীকৃত পদ্ধতি; সন্তানকে ভাল খাওয়াবে কিন্তু কঠোর শাসন করবে; শ্রেষ্ঠ শিক্ষা গৃহে শুরু হয়।,general,প্রতিষ্ঠানের জুনিয়র কর্মীদের দক্ষতা বৃদ্ধির জন্য পরিচালক মহোদয় উদারহস্তে সকল সুযোগ-সুবিধা ও উন্নত প্রশিক্ষণের ব্যবস্থা করলেন। পাশাপাশি নির্ধারিত লক্ষ্য অর্জনে কোনো ধরনের শৈথিল্য না দেখিয়ে তিনি কঠোর নজরদারি বজায় রাখলেন। এর ফলে কর্মীরা অত্যন্ত পরিশ্রমী হয়ে নির্ধারিত সময়ের আগেই নিজেদের সেরাটা প্রমাণ করতে সক্ষম হলো।
P204,গয়ার পাপ/ভূত বিদায় করা,"যাকে সহজে তাড়ানো যায় না, তাকে তাড়ানো।",general,দূরসম্পর্কের এক স্বজন বিনা আমন্ত্রণে বাড়িতে এসে দীর্ঘদিন ধরে জেঁকে বসেছিলেন এবং নানা অশান্তি সৃষ্টি করছিলেন। তাকে ভদ্রভাবে চলে যাওয়ার ইঙ্গিত দিলেও তিনি কোনো কর্ণপাত করছিলেন না এবং উল্টো বিরূপ প্রতিক্রিয়া দেখাচ্ছিলেন। অবশেষে পরিবারের সবাই মিলে একত্রিত হয়ে তার যাতায়াতের রাস্তা বন্ধ করে দেওয়ার পর তিনি বাড়ি ছেড়ে চলে যেতে বাধ্য হলেন।
P205,ঘরনীর কাজ কখনও শেষ হয় না,সংসারের টুকিটাকি কাজ লেগেই থাকে; কাজের অন্ত নেই।,general,"বার্ষিক মূল্যায়নের লক্ষ্যমাত্রা অর্জিত হওয়ার পরপরই নতুন ব্যবস্থাপনা দল আরও কঠিন কিছু প্রকল্প অর্পণ করে। সহকর্মীরা সবাই যখন ক্লান্ত হয়ে ডেস্কে বসে পড়ে, তখন কর্তৃপক্ষের নতুন নির্দেশিকা এসে হাজির হয়। এভাবে প্রতিটি সাফল্যের চূড়ায় পৌঁছানোর পর আরও বড় দায়িত্বের পাহাড় সামনে এসে দাঁড়িয়ে যায়।"
P206,চোখ মনের আয়না,চোখের দিকে তাকিয়ে মনের অবস্থা বোঝা যায়; মনের ভাবনা চোখের মণিতে লেখা থাকে।,general,"বার্ষিক মূল্যায়নের সময় জ্যেষ্ঠ ব্যবস্থাপক যখন তার পারফরম্যান্স নিয়ে প্রশ্ন তুললেন, তখন তার নড়বড়ে চাহনি ও অতিরিক্ত ঘাম বলে দিল যে তিনি ভেতরে ভেতরে পুরোপুরি ভেঙে পড়েছেন। মুখে আত্মবিশ্বাসের বুলি আওড়ালেও তার পলকহীন দৃষ্টি এবং অস্থির অঙ্গভঙ্গি তার আসল ভীতি ঢাকতে পারল না। ফলে, পরিচালক পর্ষদ তার কথা বিশ্বাস না করে তার ভেতরের দুর্বলতা ধরে ফেললেন এবং পদোন্নতি অন্য একজনকে দিয়ে দিলেন।"
P207,ছাইমুঠো ধরলে সোনামুঠো হয়,ভগ্যোদয়ে যৎসামান্য কাজেও দুটো পয়সা আসে।,general,"অফিসের সবাই যখন জটিল প্রজেক্টগুলো নিয়ে ব্যস্ত, তখন তিনি একদম অবহেলিত একটি ছোট ফাইল ঠিক করার দায়িত্ব নিলেন। নিজের মেধা খাটিয়ে তিনি সেই সাধারণ কাজটিতেই এক অদ্ভুত চমক সৃষ্টি করলেন। অপ্রত্যাশিতভাবে এই ক্ষুদ্র অবদানের সুবাদেই কোম্পানির শীর্ষ কর্তার নজর কেড়ে তিনি কাঙ্ক্ষিত পদোন্নতি পেলেন।"
P208,জলে তেলে খাপ/মিশ খায় না,বিষমপ্রকৃতির বস্তুর মিলন হয় না; মতের মিল না হলে মনের মিল হয় না।,general,"অফিসের জ্যেষ্ঠ ব্যবস্থাপক পদে পদোন্নতি পেতে হলে পারস্পরিক বোঝাপড়া ও দলগত কাজের দক্ষতা অত্যন্ত জরুরি। কিন্তু শর্মিষ্ঠা ও অর্ণবের কর্মপদ্ধতি সম্পূর্ণ বিপরীত হওয়ায় তারা কোনো যৌথ প্রকল্প সফল করতে পারল না। পরিশেষে, দুজনের মতপার্থক্যের কারণে ঊর্ধ্বতন কর্তৃপক্ষ তাদের কাউকে ওই পদে বিবেচনা করল না।"
P209,ঝুঁকি না নিলে লাভ হয় না,জীবনে ঝুঁকি আছে; ঝুঁকি না নিলে আখেরে লাভ হয় না।,general,ক্লায়েন্টের দেওয়া অসম্ভব কম সময়ের মধ্যে কোডিংয়ের কোড স্ট্রাকচার সম্পূর্ণ বদলে ফেলার মতো কঠিন চ্যালেঞ্জ সামনে এসে দাঁড়িয়েছিল। তানভীর প্রচলিত কোড ঠিক রাখার চেনা পথ ছেড়ে একেবারে নতুন ও পরীক্ষামূলক অ্যালগরিদম ব্যবহারের কঠোর সিদ্ধান্ত নেয়। এর ফলে সিস্টেমের গতি অভাবনীয়ভাবে বৃদ্ধি পাওয়ায় ক্লায়েন্ট তাকে অতিরিক্ত বোনাস প্রদান করে।
P210,টাকার নৌকা পাহাড় দিয়ে যায়,অর্থ থাকলে অসম্ভবকে সম্ভব করা যায়।,general,নির্ধারিত সময়ের মধ্যে সফটওয়্যারের জটিল কোডিংয়ের ত্রুটি সমাধান করা অসম্ভব হয়ে দাঁড়িয়েছিল। ক্লায়েন্ট তখন কয়েকগুণ বেশি অর্থ ঢেলে বিদেশি এক বিশেষজ্ঞ টিমকে কাজে নিয়োগ করল। রাতারাতি সেই জটিল সমস্যা নিখুঁতভাবে সমাধান হয়ে প্রজেক্ট সফল হলো।
P211,ঠেলায় পড়লে শালগ্রাম নইলে পাথরের ঢেলা,ভয় থেকে ভগবানে ভক্তি।,general,সারা বছর উর্ধ্বতন কর্মকর্তার আদেশ অমান্য করে নিজের খেয়ালে কাজ করতেন এই কর্মী। কিন্তু চাকরি যাওয়ার উপক্রম হতেই তিনি অফিসে সবার আগে উপস্থিত হয়ে তোষামোদ শুরু করলেন। শেষ পর্যন্ত কর্তার মন জয় করে তিনি নিজের পদ রক্ষা করতে সক্ষম হলেন।
P212,ডানপিটের মরণ গাছের আগায়,গাছ থেকে পড়ে হাত পা ভাঙে; অপঘাতে মৃত্যু হয়।,general,অফিসে দ্রুত বড় পদ পাওয়ার জন্য অনিয়ম করে শর্টকাট রাস্তা বেছে নিয়েছিল অনিক। সে ম্যানেজমেন্টের নিয়মকে বুড়ো আঙুল দেখিয়ে উচ্চ ঝুঁকিপূর্ণ একটি প্রজেক্টে হাত দেয়। শেষ পর্যন্ত বড় ধরনের পেশাগত ভুল ধরা পড়ায় তাকে চাকরি থেকে বরখাস্ত করা হয়।
P213,ঢেঁকি স্বর্গে গেলেও ধান ভানে,অভ্যাস কখনও বদলায় না; অদৃষ্ট সঙ্গেসঙ্গে ফেরে।,general,"শরীফ সাহেব দীর্ঘদিন অধ্যাবসায় করে অবশেষে বহুজাতিক কোম্পানির কান্ট্রি হেড পদে উন্নীত হলেন। নতুন এই উচ্চপদ পাওয়ার পরও তিনি আগের মতো নিজেই সবকিছু নিয়ন্ত্রণ করতে গিয়ে অধীনস্তদের কোনো স্বাধীনত দিলেন না। ফলস্বরূপ, তার এই ক্ষুদ্র মানসিকতা ও আস্থার অভাবের কারণে কোম্পানির নতুন প্রজেক্টগুলোতে একের পর এক ব্যর্থতা আসতে লাগল।"
P214,"তাল, তামাক, পাশা তিন কর্মনাশা",এই তিন বিষয় সময় ও কাজ নষ্ট করে।,general,"বার্ষিক পদোন্নতির মূল্যায়ন পরীক্ষার আগের রাতে অর্ণব কাজের ফাইল বাদ দিয়ে অফিসের সহকর্মীদের সাথে দীর্ঘক্ষণ আড্ডা ও অনলাইন গেম খেলায় মত্ত ছিল। পরদিন সকালে অফিসে ঘুম চোখে সে গুরুত্বপূর্ণ প্রেজেন্টেশনটি ঠিকমতো উপস্থাপন করতে সম্পূর্ণ ব্যর্থ হয়। ফলস্বরূপ, তার অনেক সিনিয়র হওয়ার সত্ত্বেও জুনিয়র কর্মী পদোন্নতিটি লুফে নেয়।"
P215,"থাকলে সোনার মান হয় না, হারালেই সোনার মান",সহজলভ্য বস্তুর কদর নেই।,general,অফিসে শান্ত ও দক্ষ এক কর্মী প্রতিদিন নীরবে নিজের কাজ করে গেলেও ঊর্ধ্বতন কর্তৃপক্ষ তার অবদান কখনো সেভাবে মূল্যায়ন করত না। সে অন্য একটি প্রতিষ্ঠানে চলে যাওয়ার পর প্রজেক্টের জরুরি সব কাজ থমকে গেল এবং বসেরা তার প্রকৃত গুরুত্ব বুঝতে পারলেন। তখন দ্বিগুণ বেতন দিয়ে তাকে ফিরিয়ে আনার চেষ্টা করা হলেও সে আর রাজি হলো না।
P216,দশদিন চোরের একদিন গৃহীর/সাধুর,কুকর্মের ফল একদিন ভুগতেই হয়।,general,"সহকর্মীদের অসাধারণ সব কাজের কৃতিত্ব নিজের নামে চালিয়ে দিয়ে দীর্ঘদিন ধরে ঊর্ধ্বতন কর্মকর্তাদের বাহবা কুড়িয়ে আসছিলেন রনি। কিন্তু বার্ষিক মূল্যায়ন পরীক্ষার দিন তার আসল অদক্ষতা ও ফাঁকফোকর সবার সামনে উন্মোচিত হয়ে গেল। ফলে কোম্পানির শীর্ষ পদ তো দূরের কথা, তাকে শেষ পর্যন্ত চাকরি থেকেই বরখাস্ত করা হলো।"
P217,ধীর জল/পানি পাথর কাটে,বিন্দুবিন্দু জল পড়েও পাথর ক্ষয় কয়; ধীরেসুস্থে কাজ করলে অতি কঠিন কাজও সম্পন্ন হয়।,general,"অ্যাপটির কোডিংয়ে শত শত জটিল ত্রুটি দেখে ঘাবড়ে না গিয়ে ফ্রিল্যান্সার ডেভেলপারটি একে একে সমস্যার গভীরে প্রবেশ করল। সে কোনো রকম শর্টকাট বা তাড়াহুড়ো না করে প্রতিদিন নিয়মমাফিক বাগগুলো চিহ্নিত করে নিখুঁতভাবে সংশোধন করতে থাকল। অবশেষে, তার এই ধারাবাহিক ও ধৈর্যশীল পদক্ষেপে সম্পূর্ণ সফটওয়্যারটি ত্রুটিমুক্ত হলো এবং ক্লায়েন্ট সময়মতো নিখুঁত কাজ বুঝে পেল।"
P218,নদী না শুকালে জলের মূল্য জানা যায় না,না হারালে থাকার মূল্য কি- জানা যায় না।,general,অফিসের অত্যন্ত দক্ষ ব্যবস্থাপক তানভীর হঠাৎ চাকরি ছেড়ে অন্য প্রতিষ্ঠানে চলে গেলেন। তার অনুপস্থিতিতে পুরো দলটির কাজের গতি মারাত্মকভাবে ধীর হয়ে গেল এবং নানা রকম জটিলতা দেখা দিল। তখনই কর্তৃপক্ষের টনক নড়ল এবং সবাই বুঝতে পারল একজন সঠিক নেতার প্রকৃত অবদান কতখানি।
P219,"পাগলা ভাত খাবি, না হাত ধোব কোথায়?",কাউকে কোন কাজের প্রস্তাব দিলে সে সঙ্গে সঙ্গে প্রস্তুত।,general,অফিসের সিনিয়র ম্যানেজার হঠাৎ সবাইকে ডেকে ঘোষণা করলেন যে তাৎক্ষণিকভাবে একটি নতুন বিদেশি প্রজেক্টের দায়িত্ব নিতে হবে। কথাটি শেষ হতে না হতেই তরুণ কর্মকর্তা আরিফ নিজের ল্যাপটপ ব্যাগ গুছিয়ে টেবিলে হাজির হলো। তার এই অতিরিক্ত তৎপরতা দেখে সবাই বুঝে গেল সুযোগ পেলেই সে কাজ লুফে নিতে প্রস্তুত।
P220,ফাঁক পেলে সবাই চোর,প্রলোভন এড়ানো খুবই কষ্টকর; চুরি করতে পারে না বলে সবাই সাধু; সাধু চোর নয় বোঁচকায় ঘটায়।,general,অফিসের সিনিয়র ম্যানেজার বিদেশ সফরে থাকায় গোপন ফাইলের নিয়ন্ত্রণ জুনিয়র কর্মকর্তার হাতে চলে আসে। সুযোগ বুঝে সে নিজের কাজের খসড়ায় অন্যের অর্জিত কৃতিত্ব সম্পূর্ণভাবে নিজের নামে চালিয়ে দেয়। দিনশেষে ম্যানেজমেন্ট তার এই অনৈতিক পদক্ষেপে মুগ্ধ হয়ে তাকে বড় পদে উন্নীত করে।
P221,বগলে ছুরি মুখে রামনাম,মুখে মিষ্টি বুলি অথচ অন্তর বিষের থলি।,general,"বার্ষিক পদোন্নতির ঠিক আগে সিনিয়র কলিগ রতন সবার সামনে আমাকে নিয়ে বড় বড় প্রশংসা করল। কিন্তু আড়ালে ম্যানেজমেন্টের কাছে আমার নামে ভুল রিপোর্ট জমা দিয়ে সে নিজেই প্রমোশনটা লুফে নিল। তার এই মিষ্টি ব্যবহারের আড়ালে যে এমন গভীর চক্রান্ত ছিল, তা আমি বুঝতে পারিনি।"
P222,ভূতের মুখে রামনাম,"স্বভাববিরুদ্ধ কথা বা বাক্য, অসম্ভব ব্যাপার।",general,অফিসের সবচেয়ে অলস এবং ফাঁকিবাজ কর্মীটি হঠাৎ করে প্রতিদিন সবার আগে অফিসে এসে বড় বড় নৈতিকতার কথা বলতে শুরু করল। বসের নজর কাড়ার জন্য সে নিজের সব কাজের কৃতিত্ব অন্যদের ওপর চাপিয়ে নিজে সাধু সাজার অপচেষ্টা চালাল। তার এই হঠাৎ পরিবর্তন দেখে পুরোনো সহকর্মীরা মুখ টিপে হাসল কারণ সবাই জানত সে আসলে কী প্রকৃতির মানুষ।
P223,মক্কার মানুষ হজ্জ পায় না,"কাছে আছে, যেকোন দিন গেলেই হবে, এই গয়ং-গচ্ছ মনোভাবে জন্য দেখা হয় না",general,অফিসের সিনিয়র ম্যানেজার ভেবেছিলেন পরবর্তী উচ্চ পদটি তার জন্য নিশ্চিত এবং এর জন্য কোনো বাড়তি প্রস্তুতির প্রয়োজন নেই। তিনি নিয়মিত কাজ ফেলে রেখে সময়ক্ষেপণ করতে লাগলেন কিন্তু শেষ মুহূর্তে জুনিয়র কর্মীরা তাকে ছাড়িয়ে গেল। ফলে যোগ্য হওয়া সত্ত্বেও কেবল অতিরিক্ত আত্মবিশ্বাসের কারণে তিনি কাঙ্ক্ষিত পদোন্নতি থেকে বঞ্চিত হলেন।
P224,"যারে নারি হাতে, তারে মারি ভাতে",পরোক্ষে কাউকে শাস্তি দেওয়া; তিলে তিলে দগ্ধ করা।,general,বসের সুনজরে থাকা সত্ত্বেও প্রতিযোগী সহকর্মী সরাসরি কোনো ক্ষতি করতে পারেনি। তাই সে গোপনে উর্ধ্বতন কর্তৃপক্ষের কাছে ভুল তথ্য দিয়ে বেতন আটকে দেওয়ার ব্যবস্থা করল। এর ফলে ধীরে ধীরে কর্মীর মনোবল ভেঙে গেল এবং পদোন্নতির সব সুযোগ চিরতরে বন্ধ হয়ে গেল।
P225,"রক্ষক যারে ভক্ষণ করে, কে তারে রাখতে পারে?",আশ্রয়দাতা অনিষ্ট করলে বাঁচার কোন পথ নেই; মারে কৃষ্ণ/হরি রাখে কে?,general,অফিসের সবচেয়ে সিনিয়র মেন্টর নিজেই জুনিয়র কর্মীর প্রমোশনের ফাইল আটকে দিলেন। অথচ তিনি সবার সামনে উন্নতির প্রতিশ্রুতি দিয়েছিলেন। শেষ পর্যন্ত সেই কর্মকর্তার ষড়যন্ত্রেই চাকরি হারাতে হলো তরুণ কর্মীটিকে।
P226,লোটা কম্বল না থাকলে সাধু হওয়া যায় না,ভেক না ধরলে ভিখ পাওয়া যায় না।,general,অফিসের ঊর্ধ্বতন কর্মকর্তাদের মন জয় করার জন্য রাহুল কাজের দক্ষতার চেয়ে তোষামোদকেই বেশি প্রাধান্য দিল। সে নিয়মিত কর্তাব্যক্তিদের সামনে নিজের বিশেষ আনুগত্য প্রকাশ করতে থাকল। এর ফলে তার কাজের তেমন উন্নতি না হলেও পদোন্নতির তালিকা ঠিকই তার নাম চলে এল।
P227,শয়তান কখনো সাধু হয় না,মন্দ কখনো ভালো হয় না; একদিন শয়তান তো চিরদিন শয়তান।,general,অফিসের সবচেয়ে সুবিধাবাদী সহকর্মীটি হঠাৎ করে সবার সাথে খুব ভালো ব্যবহার শুরু করল। সবাই ভেবেছিল সে হয়তো নিজের বদভ্যাসগুলো শুধরে নিয়ে একজন আদর্শ কর্মী হয়ে উঠেছে। কিন্তু পদোন্নতির সুযোগ আসতেই সে আগের মতো সহকর্মীদের পেছনে লাগার পুরোনো খেলায় মেতে উঠল।
P228,ষন্ডা সবসময় কাপুরুষ,ষণ্ডা সবসময় দুর্বলকে ভয় দেখায় কারণ সে সবলের সাথে লড়তে ভয় পায়।,general,অফিসের জুনিয়র কর্মীদের ওপর ম্যানেজার প্রায়ই বিনা কারণে চটকেন এবং নিজের অদক্ষতা ঢাকতে তাদের ধমক দেন। অথচ বড় কোনো ক্লায়েন্ট বা উর্ধ্বতন কর্মকর্তার সামনে পড়লে তিনি ভয়ে একদম চুপসে যান। তার এই দ্বিমুখী আচরণের ফলে কর্মীরা তার ওপর থেকে সমস্ত সম্মান হারিয়ে ফেলে।
P229,"সুদিনের বারো ভাই, দুর্দিনের কেউ নাই",অনেকেই সুখের সাথী হ'তে আসে; তারা কোনদিন দুঃখের সাথী হয় না।,general,"অফিসে যখন আমার পদোন্নতি হলো, তখন চারপাশের সহকর্মীরা সবাই মিষ্টিমুখ করাতে ভিড় জমাল। কিন্তু হঠাৎ একটি বড় প্রকল্প ব্যর্থ হওয়ায় ঊর্ধ্বতন কর্তৃপক্ষের তিরস্কারের মুখে পড়লাম। সেই কঠিন মুহূর্তে দলের কাউকেও পাশে পেলাম না।"
P230,হক কথায় বন্ধু বিগড়ায়,উচিত/সত্য কথা বললে বন্ধুত্ব নষ্ট হয়।,general,প্রতিষ্ঠানের জ্যেষ্ঠ ব্যবস্থাপক বার্ষিক মূল্যায়নে বড় ধরনের অনিয়ম ও আর্থিক গরমিল দেখতে পেলেন। তিনি ঊর্ধ্বতন কর্তৃপক্ষের সামনে এই অপ্রিয় বাস্তব তুলে ধরার সিদ্ধান্ত নিলেন। এর ফলে তার বিরুদ্ধে সহকর্মীদের তীব্র ক্ষোভের সৃষ্টি হলো এবং পদোন্নতির তালিকা থেকে তার নাম বাদ পড়ে গেল।
P231,‘আমি’ যাবে মলে,অহমহমিকা নিয়ে মানুষ মরে।,general,"সহকর্মীদের সহযোগিতা ছাড়াই সমস্ত কৃতিত্ব নিজে কুক্ষিগত করার তীব্র মানসিকতা তৈরি হয়েছিল কর্মকর্তার মধ্যে। শেষ পর্যন্ত গুরুত্বপূর্ণ প্রেজেন্টেশনে তিনি একা সব ক্রেডিট নিতে গিয়ে বড় ধরনের ভুল করে বসেন। ফলে নিজের অতিরিক্ত আত্মপ্রচারের কারণে তার পদোন্নতি তো হলোই না, উল্টো চাকরি হারাতে হলো।"
P232,অর্থ যার মামলা/শক্তি তার,অর্থ সব যায়গায় আধিপত্য করে।,general,বার্ষিক মূল্যায়নে ভালো কাজ করা সত্ত্বেও রাহুল পদোন্নতির দৌড়ে পিছিয়ে পড়েছিল। সিনিয়র ব্যবস্থাপকের জন্মদিনের বিলাসবহুল উপহার এবং ব্যক্তিগত তহবিলে মোটা অঙ্কের অনুদান দেওয়ার কারণে তার অযোগ্য সহকর্মী সেই পদ দখল করে নিল। মেধার কোনো মূল্যায়ন না হওয়ায় দিনশেষে বিত্তের পকেট ভারী করাটাই উন্নতির একমাত্র চাবিকাঠি হিসেবে প্রমাণিত হলো।
P233,আকাশের চাঁদ হাতে পাওয়া,দুর্লভ বস্তু হাতে পাওয়া।,general,প্রতিষ্ঠানের বার্ষিক মূল্যায়ন পরীক্ষায় দীর্ঘদিনের সহকর্মীদের পেছনে ফেলে অনিমেষ শীর্ষস্থান অধিকার করল। তার এই অভাবনীয় সাফল্যে ম্যানেজমেন্ট তাকে সরাসরি চিফ অপারেটিং অফিসারের পদে উন্নীত করল। বিগত দশ বছরের অক্লান্ত পরিশ্রমের পর এই কাঙ্ক্ষিত উচ্চ পদ প্রাপ্তি তার দীর্ঘদিনের স্বপ্নকে বাস্তবে রূপ দিল।
P234,ইজ্জতের দাম লাখ টাকা,ইজ্জত হেলাফেলার বিষয় নয়।,general,বার্ষিক মূল্যায়নের সময় সিনিয়র ম্যানেজার অহেতুক অপবাদ দিয়ে সুমিতকে সবার সামনে ছোট করার চেষ্টা করলেন। সুমিত কোনো তর্কে না গিয়ে দালিলিক প্রমাণসহ নিজের কর্মদক্ষতা প্রমাণ করে নিজের সম্মান অক্ষুণ্ণ রাখল। ফলে ম্যানেজমেন্ট তার আত্মমর্যাদাবোধকে সম্মান জানিয়ে তাকে দ্বিগুণ দায়িত্বসহ পদোন্নতি দিল।
P235,ঈদকা চাঁদ,"যে চাঁদ দেখার জন্য সমগ্র মুসলমান জগৎ উদ্গ্রীব থাকে অথচ দেখা পায় না; দুর্লভ দর্শন, যার দেখা পাওয়া যায় না",general,বার্ষিক মূল্যায়নের সময় সিনিয়র ম্যানেজারের পদোন্নতির তালিকা প্রকাশের জন্য অধীর আগ্রহে অপেক্ষা করছিলেন সিনিয়র এক্সিকিউটিভ অনীক। তিনি বারবার এইচআর ডিপার্টমেন্টে খোঁজ নিলেও চূড়ান্ত অনুমোদনের কোনো কাগজপত্র দেখতে পেলেন না। শেষ পর্যন্ত সেই কাঙ্ক্ষিত প্রমোশনের নোটিশটি আর তার দপ্তরে পৌঁছাল না।
P236,"উঠান ভরা লাউ শশা, ঘরে তার লক্ষ্মীর দশা- খনা",যে চাষীর উঠান লাউ শশায় ভরে থাকে তার কোন অভাব থাকে না।,general,অফিসের প্রতিটি প্রকল্পে নিরলস পরিশ্রম করে অনিরুদ্ধ নিজের কাজের ক্ষেত্রটি সাফল্যে সমৃদ্ধ করে তুলেছিল। সে নিয়মিত সঠিক সময়ে সমস্ত অ্যাসাইনমেন্ট জমা দিয়ে ঊর্ধ্বতন কর্তৃপক্ষের আস্থা অর্জন করেছিল। তার এই ধারাবাহিক সাফল্যের ফলস্বরূপ ব্যবস্থাপনা পর্ষদ তাকে পদোন্নতি প্রদান করে।
P237,এক হাত পায় এক হাত মাথায়,কখনো সম্মান করে কখনো অপমান করে।,general,প্রতিষ্ঠানের পরিচালক সভা শুরুর আগে আপনার কাজের দারুণ প্রশংসা করে সবার সামনে বিশেষ পদোন্নতির ঘোষণা দিলেন। কিন্তু পরদিন সকালে কোনো কারণ দর্শানো ছাড়াই আপনার গুরুত্বপূর্ণ দায়িত্ব কেড়ে নিয়ে আপনাকে জুনিয়র কর্মীর অধীনে বদলি করা হলো। এই আকস্মিক আচরণে আপনার পেশাগত জীবনে সম্মান ও অবমূল্যায়নের এক অদ্ভুত দোলাচল তৈরি হলো।
P238,ওঠ ছুঁড়ি তোর বিয়ে,অপ্রস্তুত অবস্থায় কাউকে কিছু করতে বলা; প্রস্তুতি ছাড়াই হঠাৎ কিছু করতে আহ্বান করা।,general,অফিসের সিনিয়র ম্যানেজার হঠাৎ করেই কোনো পূর্বপ্রস্তুতি বা প্রশিক্ষণ ছাড়াই এক জুনিয়র কর্মীকে আড়াই কোটি টাকার নতুন প্রজেক্টের প্রধান হিসেবে ঘোষণা করলেন। কোনো রকম ব্লুপ্রিন্ট বা রিসোর্স প্ল্যান তৈরি না থাকায় সেই কর্মী চরম মানসিক চাপে পড়ে গেলেন। শেষ পর্যন্ত সঠিক দিকনির্দেশনার অভাবে পুরো প্রজেক্টটি মাঝপথেই মুখ থুবড়ে পড়ল।
P239,কুকুরের লেজ কাজে লাগে না,বাহুল্যের কোন মূল্য নেই।,general,একজন উদীয়মান ফ্রিল্যান্সার তার কোডিং প্রজেক্টে কোনো কার্যকারিতা ছাড়াই শত শত লাইন অপ্রয়োজনীয় কোড ও জটিল ডিজাইন যুক্ত করলেন। মক্কেল সফটওয়্যারটি পরীক্ষা করার সময় এই বাহুল্য অংশগুলো কোনো সুফল দিল না। শেষ পর্যন্ত ক্লায়েন্ট ওই বাড়তি কাজগুলো সম্পূর্ণ বাতিল করে দিল।
P240,খয়রাত ঘর থেকে শুরু হয়,"আগে ঘর সামলাতে হয়, পরে অপরকে দেখার প্রশ্ন আসে।",general,অফিসের জুনিয়র সহকর্মীদের কাজ ফেলে রেখে অনাবশ্যক অতিরিক্ত দায়িত্ব কাঁধে তুলে নিয়েছিলেন প্রীতম। নিজের ডেস্কের জরুরি প্রজেক্টের কাজ অসম্পূর্ণ রেখেই তিনি অন্য টিমের ভুল সংশোধন করতে ছুটেছিলেন। ফলে নিজের মূল মূল্যায়ন বৈঠকে ব্যর্থ হয়ে তিনি পদোন্নতির সুযোগ হাতছাড়া করেন।
P241,গাছ থেকে ফল ভারি নয়,অখণ্ড থেকে খণ্ড বড় হয় না; যে যা থেকে উৎপন্ন সে তা থেকে বড় নয়।,general,প্রতিষ্ঠানের কনিষ্ঠ কর্মীটি তার মূল প্রকল্প তৈরির মূল কারিগরকে পেছনে ফেলে নিজে বড় পদের জন্য জোর তদবির শুরু করল। সে পরিচালক মহোদয়ের কৃপা পেতে নিজের সহকর্মীদের তৈরি করা গবেষণাপত্রটি নিজের নামে চালিয়ে দিল। কিন্তু চূড়ান্ত পর্যালোচনায় তার এই অসততা ধরা পড়ায় কোম্পানির মালিক তাকে চাকরিচ্যুত করলেন।
P242,ঘুমন্ত কুকুরকে জাগিয়ো না,বিপদকে আহ্বান করো না।,general,অফিসের পুরনো এক দুর্নীতিপরায়ণ ব্যবস্থাপকের অপকর্ম সবার জানা থাকলেও সবাই তা নিয়ে চুপ ছিল। নতুন যোগ দিয়ে অনিয়মের বিরুদ্ধে উচ্চবাচ্য করায় সে উল্টো চক্রান্ত করে আমার চাকরিটাই খেয়ে দিল। ফলে অকারণে ঝামেলা ডেকে এনে নিজের ক্যারিয়ারের বারোটা বাজিয়ে ফেললাম।
P243,চোখের জল নারীর বল,নারী চোখের জলে সব জয় করে।,general,বার্ষিক মূল্যায়নে ম্যানেজারের কঠোর সমালোচনা শুনে সুস্মিতা নিজের আবেগকে আর ধরে রাখতে পারল না। তার গাল বেয়ে নোনা জলের ধারা নামতেই ঊর্ধ্বতন কর্মকর্তার মন পুরোপুরি নরম হয়ে গেল। শেষ পর্যন্ত ত্রুটিপূর্ণ রিপোর্টের কথা বেমালুম ভুলে গিয়ে তাকেই ওই কাঙ্ক্ষিত পদে বসানো হলো।
P244,ছিল না কথা দিল গাল আজ না হয় হবে কাল,নারী সঙ্গলোলুপ লম্পটের আশা,general,প্রতিষ্ঠানের শীর্ষ ব্যবস্থাপক চটজলদি উচ্চ পদের লোভ দেখিয়ে দিনরাত অতিরিক্ত পরিশ্রম করিয়ে নিলেন। কিন্তু মাসের শেষে মূল মূল্যায়নের সময় তার মুখে শুধু আশ্বাস শোনা গেল এবং নতুন দায়িত্ব দেওয়ার প্রতিশ্রুতি অনির্দিষ্ট সময়ের জন্য স্থগিত রাখা হলো। অবশেষে কর্মীর সমস্ত মেধা ও সময় নিংড়ে নেওয়ার পর তাকে কোনো প্রকার স্বীকৃতি ছাড়াই খালি হাতে ফিরিয়ে দেওয়া হলো।
P245,জোর যার মুল্লুক তার,শক্তি থাকলে সবকিছু জয় করা যায়; শক্তিশালীরা নানাদিকে রাজা হয়,general,অফিসের বার্ষিক মূল্যায়নে ভালো কাজ করা সত্ত্বেও শান্ত স্বভাবের কর্মীকে পাশ কাটিয়ে চতুর ও উচ্চপদস্থ কর্মকর্তাদের তোষামোদকারী কর্মীকে প্রধান ব্যবস্থাপক পদে বসানো হলো। ঊর্ধ্বতন কর্তৃপক্ষের সুনজরে থাকার কারণে সে নিজের সব ভুল ঢাকতে সক্ষম হয়। ফলে যোগ্যতার প্রকৃত মূল্যায়ন না পেয়ে বাকি কর্মীরা চরম হতাশার মধ্যে দিন কাটাচ্ছে।
P246,"ঝাঁপাবার আগে দেখে নিও, ঝাঁপালে ফিরে দেখো না",দেখেশুনে কাজ করার পক্ষে চেতাবনি।,general,"অফিসের সিনিয়র ম্যানেজার পদটির জন্য হঠাৎ করেই নোটিশ দেওয়া হলো এবং আবেদন করার সময় মাত্র একদিন বাকি ছিল। তাড়াহুড়ো করে নিজের অসম্পূর্ণ প্রোফাইল ও দুর্বল প্রেজেন্টেশন জমা দিয়ে বসের টেবিলে আবেদনপত্রটি পেশ করা হলো। ফলস্বরূপ, পর্যাপ্ত প্রস্তুতি ও যোগ্যতার প্রমাণ না থাকায় কর্তৃপক্ষ অন্য একজনকে সেই গুরুত্বপূর্ণ দায়িত্ব প্রদান করল।"
P247,"টাকা থাকলে ভদ্রলোক, না থাকলেই ছোটলোক",সমাজে উচ্চবিত্তরা ভদ্রলোক এবং নিম্নবিত্তেরা ছোটলোক আখ্যায়িত হয়।,general,বার্ষিক মূল্যায়নে সিনিয়র ম্যানেজার সাহেবের জন্মদিনে দামী উপহার পাঠালেন অদক্ষ তরুণ কর্মকর্তা। ব্যবস্থাপনা পর্ষদ তার কাজের মান বিচার না করেই তাকে দ্রুত উচ্চপদে পদোন্নতি দিল। অন্যদিকে কঠোর পরিশ্রমী সহকর্মী যোগ্য হওয়া সত্ত্বেও খালি হাতে থাকায় উপেক্ষিত হলেন।
P248,ঠ্যাং থাকতে লাঠি কেন?,দুর্বলের প্রতি বক্রোক্তি,general,বিনা পরিশ্রমে সিনিয়র ম্যানেজারের কৃপা পাওয়ার আশায় জুনিয়র কর্মকর্তাটি নিজের কাজ ঠিকমতো করা বাদ দিল। সে তার মেধা ও যোগ্যতাকে কাজে না লাগিয়ে তোষামোদির পথ বেছে নিল। শেষ পর্যন্ত পদোন্নতির তালিকা থেকে তার নাম বাদ পড়ল এবং সহকর্মীরা তাকে নিয়ে হাসাহাসি শুরু করল।
P249,"ডোলভরা আশা, কুলোভরা ছাই।","আশার শেষ নেই, নিরাশারও শেষ নেই।",general,বার্ষিক মূল্যায়নে ভালো ইনক্রিমেন্ট ও উচ্চ পদের জন্য রাতদিন অতিরিক্ত পরিশ্রম করেছিলেন তিনি। কিন্তু ম্যানেজমেন্ট শেষ মুহূর্তে বাজেট সংকটের অজুহাতে পদোন্নতি স্থগিত করে শুধু একটি সামান্য প্রশংসাপত্র ধরিয়ে দিল। অন্তহীন প্রাপ্তির স্বপ্ন অবশেষে একরাশ হতাশা আর দীর্ঘশ্বাসে এসে ঠেকলো।
P250,ঢেউ দেখে নাও ডুবিও না,ঢেউয়ের বহর দেখে ঘাবড়িয়ো না; বিপদে হতবুদ্ধি হয়ো না।,general,হঠাৎ করেই উর্ধ্বতন কর্মকর্তার রূঢ় আচরণে পুরো কর্মদলের মাঝে এক আতঙ্ক ছড়িয়ে পড়েছিল। কিন্তু শান্ত মনে নিজের দায়িত্ব পালন করে সহকর্মীরা সেই মানসিক চাপ সহজেই কাটিয়ে ওঠল। শেষ পর্যন্ত কাজের মান ঠিক থাকায় ঊর্ধ্বতন কর্তৃপক্ষ তাদের প্রশংসায় পঞ্চমুখ হলো।
P251,তেলে জলে খাপ/মিশ খায় না,বিষম মিলন স্বাভাবিক নয়।,general,অফিসের সবচেয়ে অলস কর্মীটি শুধু তোষামোদ করে ঊর্ধ্বতন কর্তৃপক্ষের প্রিয়পাত্র হয়ে ওঠার চেষ্টা চালাল। কিন্তু দিনশেষে তার কাজের কোনো অগ্রগতি না থাকায় পদোন্নতির তালিকায় তার নাম বারবার বাদ পড়ে গেল। এভাবে অযোগ্যতা নিয়ে কখনোই শীর্ষপদে পৌঁছানো সম্ভব হয় না।
P252,"থাক মান, যাক প্রাণ",অসম্মানিত হওয়ার আগে মৃত্যু শ্রেয়; মাথা উঁচু রাখার প্রতিজ্ঞা; ইজ্জৎ সবার আগে।,general,ক্লায়েন্ট বিশাল অংকের অর্থ দিয়ে কোডিংয়ের গোপন দুর্বলতা লুকিয়ে ফেলার অসাধু প্রস্তাব দিয়েছিল। ফ্রিল্যান্সার ডেভেলপার সেই প্রলোভন ও হুমকির মুখেও মাথা নত না করে প্রজেক্টটি বাতিল করে দেন। এর ফলে বড় অঙ্কের আয় হাতছাড়া হলেও তিনি নিজের পেশাদারিত্ব ও মর্যাদার জায়গাটি অক্ষুণ্ণ রাখতে পেরেছেন।
P253,দুঃখের ভাত সুখ করে খাওয়া,কষ্টেসৃষ্টে যা উপার্জন হয় তাতেই শান্তিতে থেকে খাওয়া পরা।,general,"উচ্চপদস্থ কর্মকর্তার অন্যায্য চাপে যখন পুরো দলের পদোন্নতি আটকে যাওয়ার উপক্রম হয়েছিল, তখন সায়ন কোনো বড় প্রতিবাদের ঝুঁকি না নিয়ে নিজের নির্ধারিত কাজটুকু নিষ্ঠার সাথে শেষ করল। সামান্য ওই বেতনেই সে এবং তার ছোট পরিবারটি মানসিকভাবে স্বস্তিতে দিন কাটাতে শুরু করল। লোভের পিছে না ছুটে এই সীমিত প্রাপ্তিতেই সে প্রকৃত মানসিক প্রশান্তি খুঁজে পেল।"
P254,ধর্মের ঘরে কুটের (কুষ্ঠরোগী) অভাব নাই,মন্দির মসজিদে ভণ্ড ধার্মিক নেই এমন চিন্তা ভ্রান্ত; ধার্মিক সমাজেও কপটতা আছে,general,সাইবার নিরাপত্তা বিশেষজ্ঞ দলটি সবসময় নিখুঁত কোডিংয়ের দাবি করে ক্লায়েন্টদের কাছ থেকে মোটা অঙ্কের অর্থ হাতিয়ে নিত। শেষ মুহূর্তে প্রজেক্ট জমা দেওয়ার সময় দেখা গেল তাদের সফটওয়্যারে বড় ধরনের ম্যালওয়্যার লুকিয়ে রয়েছে। এ থেকেই বোঝা যায় বড় বড় প্রযুক্তি প্রতিষ্ঠানেও গাফিলতির লোক থাকে।
P255,নির্বিষ সাপের কুলোপানা চক্র,গুণহীন পুরুষের শুধু মুখেই বড়াই,general,"অফিসের বার্ষিক মূল্যায়নের সময় অর্ক নিজেকে সেরা কর্মী হিসেবে প্রমাণ করতে বড় বড় ভাষণ দিতে শুরু করে। সে কাজের কোনো বাস্তব ফলাফল দেখাতে না পারলেও মিটিংয়ে কেবল নিজের বুদ্ধিমত্তার জাহির করতে থাকে। শেষ পর্যন্ত কাজের বেলায় শূন্য হওয়ায় বস তাকে পদোন্নতি তো দিলেনই না, উল্টো তিরস্কার করলেন।"
P256,পেট জ্বলে ভাতে সোনার আংটি হাতে,অভাব লুকোতে বাবুগিরি; ঘরে যার উনুন জ্বলে না বাইরে তার আড়ম্বরের ঘটা।,general,ম্যানেজারের দৃষ্টি কাটার জন্য অনীহা সত্ত্বেও আকাশ তার জমানো সব সঞ্চয় ভেঙে অত্যন্ত চড়া দামে একটি প্রিমিয়াম ব্র্যান্ডের গাড়ি কিনে ফেলল। অথচ তার ক্রেডিট কার্ডের বকেয়া বিল পরিশোধ করার মতো ন্যূনতম অর্থও ব্যাংকে জমা নেই। অফিসে সে নিজেকে বড় কর্মকর্তা জাহির করলেও শেষ পর্যন্ত মাইনের দিনে তার সহকর্মীদের থেকে টাকা ধার করতে হয়।
P257,ফাঁকা আওয়াজে/বুলিতে কাজ আদায়,মিষ্টিকথায় ভুলিয়ে ভালিয়ে কাজ আদায়।,general,বার্ষিক মূল্যায়নের সময় আসার আগেই সাবলীল কথায় ঊর্ধ্বতন কর্মকর্তাদের মন জয় করতে ব্যস্ত হয়ে পড়ল মিতুল। সে নিজে কোনো বিশেষ প্রকল্প সফল না করলেও মিষ্টি সম্ভাষণ দিয়ে বসের সব নির্দেশ মেনে চলল। শেষ পর্যন্ত তার এই তোষণনীতি ও চাটুকারিতার পুরস্কারস্বরূপ সে অন্য যোগ্য সহকর্মীদের টপকে কাঙ্ক্ষিত পদোন্নতিটি লুফে নিল।
P258,বন্ধমুখে মাছি ঢোকে না,সতর্ক থাকলে ক্ষতি হয় না।,general,অফিসের গোপন প্রকল্প নিয়ে সহকর্মীদের অতিরিক্ত কথা বলা থেকে বিরত রাখা জরুরি। সুদীপ্ত প্রতিটি মিটিংয়ে নিজের বক্তব্য খুব মেপে উপস্থাপন করে এবং সংবেদনশীল তথ্য নিজের কাছেই রাখে। এর ফলে প্রতিপক্ষের কোনো ষড়যন্ত্র তার ক্যারিয়ারের অগ্রগতি আটকাতে পারেনি।
P259,ভাত দেবার ভাতার নন কিল মারার গোঁসাই,"ভরণপোষণের কর্তা নন, দণ্ডমুণ্ডের কর্তা; পালনে কর্তা নন কেবল শাসনে কর্তা।",general,"অফিসের ঊর্ধ্বতন কর্তৃপক্ষ মূল বেতন বৃদ্ধি বা ইনক্রিমেন্ট দেওয়ার বেলায় সবসময় বাজেট সংকটের অজুহাত দেখান। অথচ সামান্য কাজ বা সামান্য ভুলে তারা কর্মচারীদের ওপর কঠোর শাস্তিমূলক ব্যবস্থা নিতে বিন্দুমাত্র কুণ্ঠাবোধ করেন না। কাজের মূল মূল্যায়নের সময় তাদের কোনো ভূমিকা থাকে না, কেবল অতিরিক্ত চাপ সৃষ্টি করতেই তারা ব্যস্ত থাকেন।"
P260,মতান্তর হতে পারে মনান্তর কখনো নয়,কখনো মনোমালিন্য কাম্য নয়।,general,ডেডলাইনের আগে কোডিংয়ের ত্রুটি সংশোধন নিয়ে ফ্রিল্যান্সার ও ক্লায়েন্টের মধ্যে দীর্ঘক্ষণ প্রযুক্তিগত দ্বিমত চলল। কাজের ধরন নিয়ে তীব্র মতপার্থক্য থাকলেও তারা পারস্পরিক শ্রদ্ধাবোধ বজায় রেখে শেষ পর্যন্ত কোডের সমস্যার সুষ্ঠু সমাধান করলেন। এই পেশাদারী মনোভাব তাদের দীর্ঘমেয়াদী ব্যবসায়িক সম্পর্ককে আরও দৃঢ় করল।
P261,যেমন কুকুর তেমনি মুগুর,অপরাধের মাত্রা অনুযায়ী অপরাধীর শাস্তি; দুষ্টের উপযুক্ত শাসন বা শাস্তি,general,"প্রতিষ্ঠানের নির্দেশ বারবার অমান্য করে সহকর্মীদের ওপর কর্তৃত্ব ফলাচ্ছিলেন এক জ্যেষ্ঠ কর্মকর্তা। ঊর্ধ্বতন কর্তৃপক্ষ তাঁর এমন অপেশাদার আচরণ ও গাফিলতির পূর্ণ প্রমাণ হাতে পেয়ে পদোন্নতি স্থগিত করে দিল। ফলস্বরূপ, ওই কর্মকর্তার বেতন বৃদ্ধির সুযোগ তো বন্ধ হলোই, সাথে তাঁর ওপর একটি কঠোর তদন্ত কমিটিও গঠিত হলো।"
P262,রাজার আচে রাজপাট যোগী/মুনির আছে কাঁথা,যে যার মনোমত জিনিষ পেয়ে তুষ্ট; উভয়েরই সুখানুভূতি সমান।,general,"প্রতিষ্ঠানের বার্ষিক মূল্যায়ন সভায় জ্যেষ্ঠ ব্যবস্থাপক নতুন উচ্চ পদ লাভ করে অত্যন্ত আনন্দিত হলেন। অন্যদিকে, সৃজনশীল ডিজাইন বিভাগের প্রধান কম দায়িত্বপূর্ণ পদে থেকেও নিজের সৃজনশীল স্বাধীনতা পেয়ে সমানভাবে তৃপ্ত রইলেন। দুজনেই নিজ নিজ অবস্থান থেকে মানসিক শান্তি ও স্বস্তি খুঁজে পেলেন।"
P263,লক্ষ্মী ঘরে কালপেঁচা,ঘরে অমঙ্গল উপস্থিত; কুৎসিত বা কুলাঙ্গার সন্তান।,general,বার্ষিক মূল্যায়নে শীর্ষস্থান অর্জনের পর সবাই ভেবেছিল সেই কর্মীটির জীবন নিশ্চিতভাবেই বদলে যাবে। কিন্তু অফিসে যোগদানের পর থেকেই তার চরম অহংকার ও সহকর্মীদের প্রতি দুর্ব্যবহার পুরো পরিবেশটি বিষাক্ত করে তুলল। শেষ পর্যন্ত তার এই বিষাক্ত আচরণ প্রতিষ্ঠানের উৎপাদনশীলতা পুরোপুরি ধ্বংস করে দিল।
P264,শিকল কাটা টিয়া/পাখী পোষ মানে না,অবাধ্য বেয়াড়া ছেলেকে লাগে আনা যায় না; উচ্ছৃঙ্খলকে শৃঙ্খলাবদ্ধ করা যায় না।,general,প্রতিষ্ঠানের নিয়মনীতি ও শৃঙ্খলা বারবার লঙ্ঘন করার পরও সুমিতকে অনেক বোঝানোর চেষ্টা করা হয়েছিল। করপোরেট কতৃপক্ষ তাকে সংশোধনের শেষ সুযোগ হিসেবে উচ্চপদস্থ একটি দায়িত্বশীল পদে বসিয়েছিল। কিন্তু সে আগের মতোই নিজের খেয়ালখুশিতে কাজ করায় শেষ পর্যন্ত কোম্পানির সব নিয়ম অকেজো প্রমাণিত হলো।
P265,ষণ্ডামার্কা গুরু,গোঁয়ার গোবিন্দের মত গুরু।,general,অফিসের নতুন ম্যানেজার কোনো যুক্তিতর্ক বা পরামর্শ শুনতে রাজি নন এবং নিজের খেয়ালখুশিমতো পুরো টিম পরিচালনা করতে শুরু করলেন। কর্মীরা কাজের সঠিক পদ্ধতি বোঝানোর চেষ্টা করলেও তিনি তাদের ওপর অন্যায়ভাবে শাস্তিমূলক সিদ্ধান্ত চাপিয়ে দিলেন। এর ফলে দক্ষ কর্মীরা একে একে পদত্যাগ করলেন এবং পুরো প্রকল্পের নির্ধারিত লক্ষ্য ব্যর্থতায় পর্যবসিত হলো।
P266,সোনার আংটি বাঁকা আর সোজা,গুণীর বিচার রূপে হয় না গুণে হয়।,general,অফিসের নতুন মহাব্যবস্থাপক পদের জন্য বাহ্যিক চাকচিক্যময় উপস্থাপনা দেখে একজনকে প্রাথমিকভাবে বেছে নেওয়া হয়েছিল। কিন্তু কাজের মূল দক্ষতা ও গভীর বিশ্লেষণের সময় দেখা গেল তার সেই বাহ্যিক যোগ্যতার চেয়ে পর্দার আড়ালের কর্মীর বাস্তব জ্ঞান অনেক বেশি নিখুঁত। তাই শেষ পর্যন্ত কোম্পানির স্বার্থে রূপের চাকচিক্য বাদ দিয়ে সেই প্রকৃত দক্ষ কর্মীকেই পদোন্নতি দেওয়া হলো।
P267,হবুচন্দ্র রাজার গবুচন্দ্র মন্ত্রী,যেমন হাঁদারাম রাজা তেমনি গাধারাম মন্ত্রণাদাতা; অকর্মণ্য ব্যক্তির ততোধিক অযোগ্য দোসর।,general,প্রতিষ্ঠানটির মার্কেটিং বিভাগের প্রধান সম্পূর্ণ অযোগ্য হওয়া সত্ত্বেও ভুল সিদ্ধান্তে বারবার কোম্পানিকে লোকসানের মুখে ফেলছিলেন। তার ঠিক পরেই দায়িত্ব পাওয়া সহকারী ম্যানেজারটিও ছিলেন সমান মাত্রায় কাণ্ডজ্ঞানহীন ও অপরিপক্ব। পরিণামে পুরো টিমটির বার্ষিক প্রজেক্টটি চূড়ান্ত ব্যর্থতায় পর্যবসিত হয়।
P268,‘কিছুই শিখি নি’ বলতে পারাটাই সব থেকে বড় শিক্ষা,ক্ষুদ্রজীবনে অসীম জ্ঞানভান্ডার থেকে অনু পরিমাণ আহরণ করা যায়।,general,নতুন ব্যবস্থাপক পদে আসীন হওয়ার পর অনিরুদ্ধ নিজের সব জানাজান্তার অহংকার ঝেটিয়ে ফেলে। সে সহকর্মীদের প্রতিটি মতামত গভীর মনোযোগ দিয়ে শুনে নিজের অজ্ঞতা স্বীকার করে নেয়। এই বিনম্র মানসিকতাই তাকে সবার আস্থা অর্জন করতে এবং সফলভাবে নতুন লক্ষ্য পূরণ করতে সাহায্য করে।
P269,অচিন্ত্যং হি ফলং সূতে সদ্যঃ সুকৃতপাদপঃ,পূণ্যরূপ বৃক্ষ সদ্যই অভাবনীয় ফলদান করে।,general,অফিসের কোনো এক কঠিন প্রকল্পে অর্পিতা নিজের স্বার্থের কথা না ভেবে সহকর্মীদের নিঃস্বার্থভাবে সাহায্য করেছিলেন। কিছুদিন পরে ঊর্ধ্বতন কর্তৃপক্ষ তার এই নিরলস পরিশ্রম ও সততা লক্ষ্য করে তাকে সরাসরি পদোন্নতির দারুণ সুসংবাদ প্রদান করেন। এর ফলে তার দীর্ঘদিনের সততার চমৎকার পুরস্কারটি অবলীলায় হাতে এসে পৌঁছাল।
P270,আগের পাখি পোকা/মাছি ধরে,সামনের লোকের সুযোগ সদব্যবহারের সম্ভাবনা বেশি থাকে,general,"অফিসের নতুন প্রজেক্টের ঘোষণা শোনার সাথে সাথেই রোহান সবার আগে নিজের নাম তালিকাভুক্ত করে ফেলেছিল। সে একটুও সময় নষ্ট না করে তাৎক্ষণিকভাবে রূপরেখা তৈরি করে ম্যানেজারের কাছে জমা দেয়। ফলস্বরূপ, বাকি কর্মীরা গুছিয়ে ওঠার আগেই সে উচ্চপদস্থ কর্মকর্তাদের নজর কেড়ে পদোন্নতি নিশ্চিত করে নেয়।"
P271,"ইস্তক জুতো সেলাই, নাগাদ/লাগাত চণ্ডীপাঠ",মুচির জুতা সেলাই থেক ব্রাহ্মণের চণ্ডীপাঠ পর্যন্ত সব কাজ; সংসারের ভালমন্দ সবরকমের কাজের কাজি।,general,অফিসের জুনিয়র লেভেলের সাধারণ প্রিন্ট-ফাইল গোছানো থেকে শুরু করে ক্লায়েন্টের সাথে কোটি টাকার প্রেজেন্টেশন তৈরি পর্যন্ত সব দায়িত্বই অনির্বাণের কাঁধে এসে পড়ে। সে প্রজেক্টের প্রতিটি ছোটখাটো ত্রুটি সংশোধন করার পাশাপাশি বড় বড় কৌশলগত পরিকল্পনা সফলভাবে বাস্তবায়ন করে। তার এই বহুমুখী দক্ষতার কারণে কর্তৃপক্ষ তাকে প্রতিষ্ঠানের সবচেয়ে নির্ভরযোগ্য কর্মী হিসেবে পুরস্কৃত করেছে।
P272,উঁচুগাছেই ঝড় বেশী লাগে,বড়কেই সংসারের সব ঝক্কি সামলাতে হয়।,general,অফিসের সিনিয়র ম্যানেজার পদে পদোন্নতি পাওয়ার পর থেকেই অর্ণবের ওপর কাজের চাপ বহুগুণ বেড়ে গেছে। ক্লায়েন্ট সামলানো থেকে শুরু করে টিমের ভুলত্রুটির সব দায় এখন তার একাই ঘাড়ে নিতে হয়। অতিরিক্ত দায়িত্বের এই চাপে তার ব্যক্তিগত জীবন আজ সম্পূর্ণ বিপর্যস্ত হয়ে পড়েছে।
P273,"একের বোঝা, দশের আঁটি/লাঠি",ভাগাভাগি করলে সমস্যা অর্ধেক হয়ে যায়।,general,বার্ষিক মূল্যায়নের বিশাল প্রতিবেদন জমা দেওয়ার সময় পুরো দলটির ওপর প্রচণ্ড চাপ তৈরি হয়েছিল। টিম লিড সব কর্মীর মধ্যে কাজের পরিধি সমানভাবে ভাগ করে দিলেন। ফলে নির্দিষ্ট সময়ের আগেই কাজ শেষ হলো এবং সবাই মিলে প্রশংসিত হলো।
P274,ওপরে চিকণ চাকণ ভেতরে খ্যাড়,বাইরে বাবু ভিতরে ফকির।,general,অফিসের নতুন ম্যানেজার সাহেব অত্যন্ত পরিপাটি পোশাকে সবসময় চমৎকার মিষ্টি কথা বলে সবাইকে মুগ্ধ করতেন। কিন্তু তার দলীয় কাজের মূল দায়িত্ব নেওয়ার পর দেখা গেল কোনো প্রোজেক্টেরই সঠিক পরিকল্পনা বা ব্যাকআপ ফাইল তৈরি নেই। শেষ পর্যন্ত নির্ধারিত সময়ে কাজ জমা দিতে না পেরে পুরো বিভাগ চরম আর্থিক ক্ষতির মুখে পড়ল।
P275,"কোথায় রাম রাজা হবেন, না তার বনবাস","কোথা রাম রাজা হবে, না কোথা রাম বনে যাবে- এর অনুরূপ",general,"অফিসের সবচেয়ে সিনিয়র জুনিয়র কর্মকর্তাটি দীর্ঘদিন ধরে পদোন্নতির আশা করে বুক বেঁধেছিলেন। কিন্তু শেষ মুহূর্তে ম্যানেজমেন্ট নতুন এক সিদ্ধান্তের মাধ্যমে তাকে বরখাস্ত করে বসল। ফলে উন্নতির সোনালী স্বপ্ন তো দূরের কথা, তার চাকরিটাই চিরতরে চলে গেল।"
P276,"খলঃ করোতি দুর্বৃত্তং, নূনং ফলতি সাধুষু",দুষ্টের দুস্কৃতির ফল সঙ্গদোষে সাধুকে ভোগ করতে হয়।,general,অফিসের সিনিয়র ম্যানেজার রহমান সাহেব দীর্ঘদিন ধরে গোপনে কোম্পানির তহবিল তছরুপ করে আসছিলেন। তার এই দুর্নীতির কথা জেনেও অনুগত সহকারী সজীব চাকরি বাঁচানোর লোভে সব গোপন রেখেছিল। শেষ পর্যন্ত তদন্তে কেলেঙ্কারি ফাঁস হলে সজীবেরও চাকরি চলে যায় এবং তার কেরিয়ার চিরতরে নষ্ট হয়ে যায়।
P277,গাছের পরিচয় ফলে,আচরণই মানুষকে চেনায়।,general,"ম্যানেজারের প্রিয়পাত্র হওয়ার জন্য অনেকেই অফিসে নানা কৌশলী চাটুকারিতায় লিপ্ত হন। কিন্তু বার্ষিক মূল্যায়নের সময় বস কেবল মুখের মিষ্টি কথায় ভুলেননি, বরং সারাবছর কার কাজের মান কেমন ছিল তা খুঁটিয়ে দেখলেন। শেষ পর্যন্ত যার কর্মদক্ষতা ও সততা সবচেয়ে উজ্জ্বল ছিল, প্রমোশনটি তিনিই পেলেন।"
P278,ঘুমন্ত বাঘ শিকার ধরে না,শুয়ে থাকলে ভাগ্যও শুয়ে থাকে; অলসের সৌভাগ্য হয় না।,general,অফিসের সিনিয়র পদ খালি হলেও সুমিত নিজের ডেস্কে চুপচাপ বসে রইল এবং নতুন কোনো প্রকল্পের দায়িত্ব নেওয়ার চেষ্টা করল না। সে ভেবেছিল তার পুরোনো অভিজ্ঞতা এমনিতেই তাকে পদোন্নতির যোগ্য করে তুলবে। শেষ পর্যন্ত নিষ্ক্রিয়তার কারণে বসের সুনজর অন্য কর্মীর ওপর পড়ল এবং কাঙ্ক্ষিত পদোন্নতিটি তার হাতছাড়া হয়ে গেল।
P279,চোখের জলের মত কিছুই দ্রুত শুকায় না,মানুষ দ্রুত শোক ভুলে যায়।,general,বার্ষিক মূল্যায়নে কাঙ্ক্ষিত পদোন্নতি না পেয়ে তানভীর অত্যন্ত মর্মাহত হয়েছিল। সে সহকর্মীদের সামনে কান্নাকাটি করে ম্যানেজমেন্টের উপর চরম অসন্তোষ প্রকাশ করেছিল। অথচ মাস না ঘুরতেই নতুন প্রজেক্টের ইনসেন্টিভ হাতে পেয়ে সে আগের সব ক্ষোভ সম্পূর্ণ ভুলে গেল।
P280,ছাগলের লোমে পশম হয় না আমড়াগাছে আম ফলে না,মন্দলোকের কাছে ভালো ব্যবহার প্রত্যাশা করা যায় না,general,অফিসের দুর্নীতিবাজ ও চাটুকর ম্যানেজারটির কাছে কেউ কখনো নৈতিক আচরণের আশা করে না। তা সত্ত্বেও নতুন কর্মীরা তার সুনজর পাওয়ার জন্য তাকে দামি উপহার দেওয়া শুরু করল। শেষ পর্যন্ত সে সবাইকে ধোঁকা দিয়ে নিজের পকেট ভারী করল এবং সৎ কর্মীদের প্রমোশন আটকে দিল।
P281,"জলে কুমির ডাঙায় বাঘ, যে পারে সে ভাঙে ঘাড়","উভয়সঙ্কট, দুদিকেই বিপদে পড়া",general,অফিসের সিনিয়র বস এবং ক্লায়েন্ট উভয়ের মন রক্ষা করতে গিয়ে সে চরম মানসিক চাপে পড়েছিল। সে পদোন্নতির লোভে উভয় পক্ষের অযৌক্তিক আবদার মেনে নেওয়ার সিদ্ধান্ত নেয়। শেষ পর্যন্ত দুই পক্ষই তার ওপর অসন্তুষ্ট হয়ে তাকে চাকরি থেকে বহিষ্কারের হুমকি দেয়।
P282,ঝড় উঠলে আশ্রয় খোঁজো,সবসময় নিরাপদ আবস্থায় থাকার পক্ষে ওকালতি।,general,"অফিসের সিনিয়র ম্যানেজমেন্টের ভেতর হঠাৎ অভ্যন্তরীণ দ্বন্দ্ব শুরু হওয়ায় জুনিয়র কর্মীরা চরম অনিশ্চয়তার মুখে পড়ল। এই অস্থিরতা থেকে বাঁচতে সে দ্রুত নিজেকে বিতর্কিত প্রজেক্টগুলো থেকে সরিয়ে নিরাপদ দূরত্ব বজায় রাখল। ফলস্বরূপ, সে বড় কোনো বিপদে না পড়ে নিজের চাকরি ও সম্মান দুটোই অক্ষুণ্ণ রাখতে সক্ষম হলো।"
P283,টাকা দিইয়ে নারী চিনি নারী দিয়ে নর,যে নারী অর্থলোলুপ নয় এবং যে পুরুষ নারীলোলুপ নয় তারাই প্রকৃত সতী ও সৎ।,general,উচ্চপদস্থ কর্মকর্তার মন জয় করতে অনেকেই ঘুষ ও উপঢৌকন দেওয়ার গোপন প্রতিযোগিতা শুরু করেছিল। কিন্তু সৌগত সমস্ত লোভনীয় প্রস্তাব ও অনৈতিক উপহার দৃঢ়ভাবে প্রত্যাখ্যান করে নিজের যোগ্যতার ওপর ভরসা রাখল। ফলে ঊর্ধ্বতন কর্তৃপক্ষ তার সততা ও কর্মনিষ্ঠা দেখে তাকেই কাঙ্ক্ষিত উচ্চ পদে উন্নীত করল।
P284,ঠেলার নাম বাবাজী,বিপদের সময় অবজ্ঞাতকে সমাদর করতে হয়,general,জুনিয়র কর্মীটিকে এতদিন গুরুত্বহীন মনে করে সবাই এড়িয়ে চলত। কিন্তু হঠাৎ মূল প্রজেক্টে বড় ধরনের কারিগরি ত্রুটি দেখা দেওয়ায় ঊর্ধ্বতন কর্তৃপক্ষ চরম বিপাকে পড়ে গেল। শেষপর্যন্ত সেই অবহেলিত কর্মীর সহায়তায় সংকট কেটে যাওয়ায় সবাই তার প্রশংসায় পঞ্চমুখ হলো।
P285,ডাইনে আনতে বাঁয়ে কুলোয় না,অর্থের টানাটানি; আয় থেকে ব্যয় বেশি; আয় অল্প কিছুতেই সংকুলান হয় না,general,মাসিক বেতনের বড় একটি অংশ ব্যাংক ঋণ পরিশোধ করতেই শেষ হয়ে যায়। নতুন পদে পদোন্নতি পেলেও জীবনযাত্রার খরচ সামাল দিতে গিয়ে মাস শেষে হাতে কোনো সঞ্চয় থাকে না। ফলে আয়ের সাথে খরচের এমন ব্যবধানে পুরো পরিবার আর্থিক সংকটে দিন কাটাচ্ছে।
P286,ঢোলের পাছে কাসি,অপরিহার্য সঙ্গী,general,"বার্ষিক মূল্যায়নে সিনিয়র ম্যানেজার যখনই বড় কোনো প্রকল্পের নেতৃত্ব পান, তখনই তার একান্ত সহকারী সেই সাফল্যের কেন্দ্রে চলে আসেন। মূল ব্যক্তির প্রতিটি নির্দেশ নিখুঁতভাবে পালন করে সহকারীও পদোন্নতির লড়াইয়ে সমান্তরালভাবে এগিয়ে যান। এই দীর্ঘমেয়াদী যৌথ প্রচেষ্টার কারণে তাদের জুটি অফিসের যেকোনো সফলতার অবিচ্ছেদ্য অংশে পরিণত হয়।"
P287,"তোর পায়ে গড়, না তোর কাজের পায়ে গড়",কাজের জন্যই ব্যাক্তিকে খোসামোদ করা হচ্ছে।,general,ক্লায়েন্টকে নানা মিষ্টি কথায় ম্যানেজ করার চেষ্টা করেও ডেভেলপার কোডের মারাত্মক ত্রুটিগুলো লুকাতে ব্যর্থ হচ্ছিল। পরবর্তীতে রাতের পর রাত জেগে বাগগুলো সম্পূর্ণ ঠিক করার পরই কেবল ক্লায়েন্ট খুশি হয়ে চুক্তি নবায়ন করল। মিষ্টি কথার চেয়ে টেকনিক্যাল দক্ষতার কার্যকারিতাই এখানে চূড়ান্ত সফলতা এনে দিল।
P288,থুতু দিয়ে ছাতু গোলা/মলা,অসম্ভব কাজ করার চেষ্টা।,general,অফিসের কোনো বাজেট বা পর্যাপ্ত লোকবল না থাকা সত্ত্বেও জুনিয়র কর্মকর্তা অনীককে এক সপ্তাহের মধ্যে একটি বড় কোম্পানির সঙ্গে মাল্টি-মিলিয়ন ডলারের চুক্তি স্বাক্ষর করানোর দায়িত্ব দেওয়া হলো। সে রাতদিন এক করে চেষ্টা চালালো কিন্তু কোনোভাবেই ক্লায়েন্টকে রাজি করাতে পারল না। শেষ পর্যন্ত পর্যাপ্ত রিসোর্সের অভাবে কোম্পানির লক্ষ্য পূরণ করা তার পক্ষে সম্পূর্ণ অসম্ভব হয়ে দাঁড়াল।
P289,"দাদা কানা, ভাই চোখে দেখে না",দু'জনেই সমান অপদার্থ।,general,অফিসের জ্যেষ্ঠ ব্যবস্থাপক এবং তার সহকারী উভয়েই মূল প্রকল্পটির কাজের গতি সম্পর্কে সম্পূর্ণ অজ্ঞ ছিলেন। ঊর্ধ্বতন কর্তৃপক্ষ তাদের ওপর দায়িত্ব অর্পণ করার পর তারা চরম বিশৃঙ্খলা সৃষ্টি করলেন। শেষ পর্যন্ত তাদের ভুল সিদ্ধান্তের কারণে পুরো দলটির বার্ষিক পদোন্নতির সুযোগ চিরতরে হাতছাড়া হয়ে গেল।
P290,"ধান নাই চাল নাই, আন্দিরাম মহাজন","বিফল ব্যবসায়ী, মহাজন না হয়েও মহাজনের মত আচার-আচরণ; অক্ষমের সুখকল্পনা",general,তরুণ ফ্রিল্যান্সার রনি কোডিংয়ের বুনিয়াদি নিয়মগুলো ঠিকমতো না জেনেই ক্লায়েন্টকে বিশ্বের সেরা সফটওয়্যার ডেভেলপার হওয়ার মিথ্যা আশ্বাস দিল। সে এডভান্সড সব প্রযুক্তির বড় বড় কথা বলে ক্লায়েন্টের কাছ থেকে অগ্রিম টাকা হাতিয়ে নিল। কিন্তু নির্দিষ্ট ডেডলাইনের মধ্যে সাধারণ একটি বাগও ঠিক করতে না পেরে সে লজ্জায় আইডি ডিঅ্যাক্টিভেট করে পালিয়ে গেল।
P291,"নামে গোয়ালা, আমানি/কাঁজি (পান্তাভাতের জল) ভক্ষণ",নামমাত্র সার; কাজের কোন খোঁজ নেই; তাই আমানি খেয়ে দিন কাটে; আসলে কাজে অষ্টরম্ভা,general,"অফিসের সিনিয়র ম্যানেজার পদে বড়সড় আস্ফালন করে যোগ দিলেও তানভীর সাহেবের কাজের মান অত্যন্ত নিম্নমানের। প্রতিদিন কেবল মিটিংয়ে লম্বা লম্বা বক্তৃতা দিয়ে সময় পার করেন কিন্তু দিনশেষে কোনো প্রোজেক্টের আউটপুট শূন্য থাকে। ফলস্বরূপ, প্রতিষ্ঠানের বার্ষিক মূল্যায়নে তার বিভাগ সবচেয়ে খারাপ ফল করায় অবশেষে তাকে চাকরি হারাতে হয়েছে।"
P292,পাখি উড়ে যায় তার পালকের গুণে,দক্ষব্যক্তি তার দক্ষতার গুণে কাজ সুসম্পন্ন করে; দক্ষতা থাকলে কাজে অসুবিধা হয় না।,general,সফটওয়্যারের মারাত্মক ত্রুটির কারণে আন্তর্জাতিক ক্লায়েন্টের পেমেন্ট আটকে যাওয়ার উপক্রম হয়েছিল। একজন অভিজ্ঞ প্রোগ্রামার অত্যন্ত নিখুঁতভাবে কোডিংয়ের জটিল মারপ্যাচগুলো দ্রুত ঠিক করে ফেললেন। এর ফলে ক্লায়েন্ট খুশি হয়ে নির্ধারিত সময়ের আগেই পুরো কাজের অর্থ পরিশোধ করে দিলেন।
P293,ফেন দিয়ে ভাত খায় গল্পে মারে দই,দৈন্যতা লুকোবার জন্য আসলকথা গোপন রেখে মিথ্যাকথা বলা।,general,বার্ষিক মূল্যায়নে নিজের ব্যর্থতা ঢাকার জন্য অর্ঘ্য নানা রকম অজুহাত দেখাতে শুরু করল। সে কাজের মূল লক্ষ্য অর্জনে সম্পূর্ণ ব্যর্থ হলেও ম্যানেজারের সামনে বড় বড় কথার ফুলঝুরি ফুটিয়ে বাহবা কুড়াল। শেষ পর্যন্ত তার এই চাকচিক্যময় বাগাড়ম্বর দেখে সহকর্মীরা অবাক হয়ে গেল।
P294,বিনা বাতাসে গাছের পাতা নড়ে না,সবকাজের পিছনে কারণ থাকে।,general,অফিসের সবচেয়ে সিনিয়র কর্মী হওয়া সত্ত্বেও মিস্টার রহমান বিগত তিন বছর ধরে কোনো উচ্চপদ পেলেন না। তিনি ম্যানেজমেন্টের কাছে নিজের কাজের সঠিক মূল্যায়ন ও পারফরম্যান্স রিপোর্ট জমা দিলেন। অবশেষে ঊর্ধ্বতন কর্তৃপক্ষ তার দীর্ঘদিনের অবদানের সঠিক কারণ খুঁজে পেয়ে তাকে অবশেষে ম্যানেজার পদে উন্নীত করলেন।
P295,ভালকথায় মানুষ বশ,মিষ্টিকথায় জগৎ তুষ্ট।,general,বার্ষিক মূল্যায়নের সময় জ্যেষ্ঠ কর্মকর্তাদের সামনে নিজের ভুলগুলো সরাসরি উপস্থাপন না করে অত্যন্ত বিনম্রভাবে কাজের ত্রুটি স্বীকার করা হলো। ম্যানেজার মহোদয়ের সাথে সুমধুর ভঙ্গিতে কথা বলে প্রকল্পের ব্যর্থতার দায় নিজের কাঁধে নেওয়া হলো। এর ফলে ঊর্ধ্বতন কর্তৃপক্ষ মুগ্ধ হয়ে তাকে পদোন্নতির জন্য নির্বাচিত করলেন।
P296,মন্দিরে গেলেই সাধু হয় না,চেহারা সবসময় সত্যকথা বলে না; বাহ্যিক চেহারা বিভ্রান্ত করে,general,অফিসের সিনিয়র ম্যানেজার সুমিতবাবু সবসময় খুব মার্জিত পোশাক পরে ও মিষ্টি হেসে সবার সাথে কথা বলেন। সবাই ভেবেছিল তিনি অত্যন্ত সৎ এবং কাজের প্রতি নিবেদিতপ্রাণ এক কর্মকর্তা। কিন্তু শেষ পর্যন্ত তার অডিট রিপোর্টে কোটি টাকার তছরুপ ধরা পড়ায় কোম্পানির সবাই স্তম্ভিত হয়ে গেল।
P297,যেমন দেবে তেমন পাবে,কাজ অনিযায়ী পারিশ্রমিক।,general,বার্ষিক মূল্যায়নের সময় অনিল তার নির্ধারিত লক্ষ্যমাত্রার চেয়ে দ্বিগুণ কাজ সম্পন্ন করেছিল। ঊর্ধ্বতন কর্তৃপক্ষ তার এই কঠোর পরিশ্রম এবং নিষ্ঠার সঠিক মূল্যায়ন করেছে। ফলে তাকে প্রতিষ্ঠানের সিনিয়র ম্যানেজার পদে উন্নীত করা হয়।
P298,রোমনগরী একদিনে গড়ে হয় নি,বিরাট কাজ বাতাবাতি হয় না; মহাভারত একদিনে লেখা হয় নি।,general,অফিসে নতুন যোগ দিয়েই শীর্ষ পদ পাওয়ার আশা করা বোকামি। প্রতিদিন নিয়ম মেনে দায়িত্ব পালন এবং ধাপে ধাপে দক্ষতা অর্জন করতে হয়। তবেই দীর্ঘমেয়াদী পরিশ্রমের মাধ্যমে কাঙ্ক্ষিত সাফল্য ও নেতৃত্ব মেলে।
P299,লঙ্কায় সোনা সস্তা,যে দেশে যে জিনিস প্রচুর পাওয়া যায় সেই দেশে সেটা সস্তা হয়; সেটা আনা সম্ভব নয় বলেই প্রবাদটা উক্ত হয়।,general,প্রধান কার্যালয়ে পদ খালি না থাকায় জুনিয়র এক্সিকিউটিভ পদে থাকা মেধাবী কর্মীরা বছরের পর বছর ধরে এক জায়গায় আটকে থাকেন। পদোন্নতির আশায় তারা দিনরাত কঠোর পরিশ্রম করলেও ওপরের তলার কর্তাব্যক্তিরা নতুন লোক নিয়োগে বেশি আগ্রহী। শেষ পর্যন্ত হতাশ হয়ে সেই দক্ষ কর্মীরা অন্য কোনো বহুজাতিক প্রতিষ্ঠানে ক্যারিয়ারের নতুন সুযোগ খুঁজতে বাধ্য হন।
P300,শুয়োর বড় হলেও হাতি হয় না,আপন প্রকৃতিকে কেউ অতিক্রম করতে পারে না।,general,অফিসে নতুন যোগ দেওয়া জুনিয়র কর্মীটি সিনিয়রদের অন্ধভাবে অনুকরণ করে বড় পদে যাওয়ার শর্টকাট খুঁজতে শুরু করল। সে অন্যের তৈরি করা আইডিয়া নিজের বলে চালিয়ে দিয়ে দ্রুত প্রোমোশন পাওয়ার চেষ্টা চালাল। শেষ পর্যন্ত তার মেধার আসল রূপ ফাঁস হয়ে যাওয়ায় সে আগের চেয়েও নিচে নেমে গেল।
P301,ষত্ব-ণত্ব জ্ঞান নেই,কোন বিষয়ে কাণ্ডজ্ঞানের অভাব।,general,"ক্লায়েন্টের দেওয়া কোডের মূল লজিক বা সিনট্যাক্স ঠিক না করেই নতুন ফিচার যুক্ত করার কাজ শুরু করেছিল ডেভেলপার। সে কোডের মৌলিক কাঠামো সম্পর্কে পুরোপুরি অজ্ঞ থেকে কোডিং সম্পন্ন করে ক্লায়েন্টের কাছে পাঠিয়ে দিল। ফলস্বরূপ, সফটওয়্যারটি রান করার সাথে সাথেই ক্র্যাশ করল এবং ক্লায়েন্ট প্রজেক্টটি বাতিল করে দিল।"
P302,সোনার উপর মিনের কাজ,সৌন্দর্যের সৌন্দর্যবৃদ্ধি; মণিকাঞ্চনযোগ।,general,দীর্ঘদিন ধরে সততার সাথে ব্যবসা করে বাজারে দারুণ সুনাম অর্জন করেছিলেন সুজন বাবু। তার সাথে নতুন করে যুক্ত হলো পাইকারি বাজারের এক বিশাল মূলধন বিনিয়োগকারী অংশীদার। এই চমৎকার মেলবন্ধনে তার ছোট দোকানটি দ্রুত লাভজনক পাইকারি প্রতিষ্ঠানে রূপ নিলো।
P303,হলদে চোখে (=ন্যাবা) সব মন্দ দেখে,মন্দলোক সবাইকে মন্দ ভাবে।,general,অফিসের শীর্ষ পদে সদ্য উন্নীত হয়ে মৃধা সাহেব ভাবলেন সবাই বুঝি অসৎ উপায়ে উপরে উঠতে চায়। তাই তিনি অধীনস্তদের প্রতিটি কাজে কেবল চক্রান্ত ও ঘাপলা খুঁজতে লাগলেন। পরিণামে তার এই কুৎসিত মনোভাবের কারণে কর্মীরা কাজ ছেড়ে দিতে শুরু করল এবং তার নিজের নেতৃত্বই প্রশ্নবিদ্ধ হয়ে উঠল।
P304,অনেক কালের ছিল পাপ ছেলে হল সতীনের বাপ,সবই কর্মফল; পাপ করলে শাস্তি আছেই; পাপ বাপকেও ছাড়ে না; পাপের ফলভোগ কোন না কোন করতেই হয়।,general,সহকর্মীদের দীর্ঘদিনের মেধা ও প্রমোশন আটকে রাখতে ঊর্ধ্বতন কর্মকর্তার টেবিলে মিথ্যা অপবাদ ও চক্রান্তের ফাইল জমা দিত রতন। অবশেষে অডিট টিম তার দুর্নীতির সব অপকর্ম ধরে ফেলায় উল্টো সে নিজেই চাকরি থেকে বরখাস্ত হলো। কর্মক্ষেত্রে অন্যের ক্ষতি করার এই ভয়াবহ পরিণতির হাত থেকে শেষ পর্যন্ত কেউ নিজেকে রক্ষা করতে পারে না।
P305,"আতি চোর,পাতি চোর, হ’তে হ’তে সিঁদেল চোর",ক্রমশঃ দাগী আসামীতে পরিণত; সামান্য অপরাধ করতে করতে শেষে বিরাট অপরাধ করে ফেলে।,general,অফিসের ছোটখাটো নিয়ম ফাঁকি দেওয়া দিয়ে একজন নতুন কর্মী তার অসততার যাত্রা শুরু করে। এরপর সে সহকর্মীদের প্রজেক্টের ক্রেডিট নিজের নামে চালিয়ে দিতে থাকে এবং একসময় কোম্পানির বড় তহবিল তছরুপ করে ধরা পড়ে। এভাবে সামান্য অনিয়ম করতে করতেই মানুষ একদিন অপরাধজগতের কেন্দ্রবিন্দুতে পৌঁছে যায়।
P306,ইক্ষু পিষ্ট হলেও মিষ্টত্ব ত্যাগ করে না,গুণী কখনো তার গুণ হারায় না।,general,পাইকারি বাজারের ব্যবসায়িক মন্দার কারণে এক ব্যবসায়ী চরম আর্থিক সংকটে পড়েন। তিনি সততা বজায় রেখে ধারদেনা শোধ করার চেষ্টায় অবিচল থাকলেন। তার এই অটল বিশ্বস্ততা দেখে ব্যবসায়ীরা তাকে পুনরায় বড় অঙ্কের পণ্য বাকিতে সরবরাহ করতে রাজি হলো।
P307,উঁচুগাছেই মই বাঁধো,ফললাভের সম্ভাবনা বেশি থাকে।,general,অফিসের সাধারণ পদে বসে শুধু রুটিন মাফিক কাজ করলে কখনোই কাঙ্ক্ষিত উচ্চ পদ বা বড় ইনক্রিমেন্ট পাওয়া যায় না। তাই তিনি কৌশলগতভাবে কোম্পানির শীর্ষ কর্তাদের দৃষ্টি আকর্ষণকারী জটিল প্রজেক্টগুলোর দায়িত্ব নিজের কাঁধে তুলে নিলেন। এর ফলে ম্যানেজমেন্টের নজরে এসে তিনি খুব কম সময়েই কাঙ্ক্ষিত উচ্চ পদ এবং আকর্ষণীয় বেতন বৃদ্ধি লাভ করলেন।
P308,এঁটোপাত না যায় স্বর্গে,নীচু কখনো উঁচুপদ পায় না; পরমুখাপেক্ষীর সমৃদ্ধি সম্ভব হয় না।,general,প্রতিষ্ঠানের মূল কাজ বাদ দিয়ে সহকর্মীদের অন্ধ অনুকরণ করতে শুরু করল জুনিয়র কর্মকর্তাটি। সে নিজের কোনো মৌলিক কাজের দক্ষতা তৈরি না করে কেবল অন্যের ওপর নির্ভর করে দিন কাটাল। শেষ পর্যন্ত বার্ষিক মূল্যায়নে সে কোনো পদোন্নতি পেল না এবং তার ক্যারিয়ার থমকে গেল।
P309,ওল কচু মান তিনই সমান,"সবগুলি তুল্যমূল্য, উনিশ-বিশ।",general,"ক্লায়েন্টের দেওয়া প্রজেক্ট জমা দেওয়ার সময় শেষ মুহূর্তে দুটি কোডের ত্রুটি নিয়ে ডেভেলপার টিম বেশ বিপাকে পড়েছিল। তারা দীর্ঘক্ষণ পরীক্ষা-নিরীক্ষা করে দেখল দুটি ত্রুটির জন্যই সফটওয়্যারের কার্যকারিতা ঠিক একই মাত্রায় ব্যাহত হচ্ছে। ফলে কোনো একটিকে আগে সমাধান করলেই চলবে, দুটির গুরুত্ব আমাদের কাছে পুরোপুরি তুল্যমূল্য।"
P310,কড়ি দিয়ে হেঁটে নদী পার হোয়া,অর্থ গেল পরন্তু পরিশ্রমও করতে হল।,general,"অফিসের সিনিয়র ম্যানেজারকে খুশি করার জন্য অনাবশ্যক উপহার ও অতিরিক্ত অর্থ ব্যয় করেছিলেন সুমিত। অথচ নির্ধারিত মূল্যায়ন পরীক্ষায় তিনি অকৃতকার্য হন এবং দিনভর পরিশ্রম করেও কাঙ্ক্ষিত পদোন্নতি পেলেন না। এভাবে তার গলার মূলধন যেমন খোয়া গেল, তেমনি দিনভর মানসিক ধকল সহ্য করার শাস্তিও জুটল।"
P311,খাল পার হলে কুমিরকে কলা,বিপদ কেটে গেলে সবাই বীরপুরুষ; কার্যসিদ্ধি হয়ে গেলে লোকে উপকারীকে ভুলে যায়।,general,অফিসে নতুন প্রজেক্টের চরম সংকটে রাহাত সাহেব জুনিয়র কর্মীদের নিয়ে দিনরাত পরিশ্রম করে সফলভাবে তা সম্পন্ন করেছিলেন। কিন্তু উর্ধ্বতন কর্তৃপক্ষ তাকে বড় পদে উন্নীত করার পরপরই তিনি আগের সেই সহকর্মীদের সম্পূর্ণ এড়িয়ে চলতে শুরু করেন। বর্তমানে তিনি নিজের কৃতিত্ব জাহির করতে ব্যস্ত এবং সহযোগীদের অবদান পুরোপুরি অস্বীকার করছেন।
P312,গাছের দশটা থেকে পাতের একটাই ভাল,সম্ভাব্য কোন বড়প্রাপ্তি থেকে নিশ্চিত এক ছোটপ্রাপ্তি অনেক ভাল,general,ক্লাইন্টের বড় এবং জটিল একটা সফটওয়্যার প্রজেক্ট শেষ করার অসম্ভব দাবি আমার সামনে আসে। অতিরিক্ত লাভের আশায় প্রজেক্টটি না ধরে আমি আমার ক্ষমতার মধ্যে থাকা একটি ছোট কাজ সম্পন্ন করি। ফলে সময়মতো কাজটি বুঝিয়ে দিয়ে ক্লাইন্টের পূর্ণ আস্থা অর্জন করতে সক্ষম হই।
P313,ঘরে ভাত না থাকলে শালগ্রামের সোনা বেচে খায়,বাঁচার আপ্রাণ চেষ্টা করতে গিয়ে লেজেগোবরে,general,"অফিসের সিনিয়র ম্যানেজমেন্টের নজরে আসার জন্য তরুণ কর্মকর্তাটি নিজের বর্তমান গুরুত্বপূর্ণ প্রজেক্টের মাঝপথে হঠাৎ নতুন এক ঝুঁকিপূর্ণ কৌশল প্রয়োগ করল। সে দক্ষতার সাথে কাজ সম্পন্ন করার বদলে অতিরিক্ত উচ্চাশা দেখাতে গিয়ে পুরো টিমকে চরম বিপদের মুখে ঠেলে দিল। শেষ পর্যন্ত তার এই অপরিপক্ব সিদ্ধান্তের কারণে প্রজেক্ট তো হাতছাড়া হলোই, বরং তার চাকরিটাই এখন গভীর সঙ্কটের মধ্যে পড়ে গেল।"
P314,চক্রবৎ পরিবর্তন্তে সুখানি চ দুঃখানি চ,সুখদুঃখ চক্রকারে পরিবর্তিত হয়; একটার পর একটা আসে,general,"অফিসের বার্ষিক মূল্যায়নে কাঙ্ক্ষিত পদোন্নতি না পেয়ে অনিক অত্যন্ত ভেঙে পড়েছিল। সে হতাশ না হয়ে নিজের কাজের দক্ষতা বাড়াতে থাকে এবং পরবর্তী প্রকল্পগুলোতে অসাধারণ সাফল্য অর্জন করে। ফলস্বরূপ, পরের বছরই সে কোম্পানির সেরা কর্মীর স্বীকৃতিসহ বড় পদোন্নতি লাভ করে।"
P315,ছেঁড়া কচুর পাত এক বউকে ভাত দেয় না আরো বউয়ের সাধ,হাতের কাজই শেষ করতে পারে না আরো কাজের খোঁজ করে।,general,অফিসে নিজের বর্তমান প্রজেক্টের কাজ ঠিকমতো শেষ না করেই অনিমেশ নতুন দুটি বড় ক্লায়েন্টের দায়িত্ব নিতে আগ্রহী হলো। নির্ধারিত সময়ের মধ্যে কোনো কাজই সে মানসম্মতভাবে সম্পন্ন করতে পারল না। ফলে শেষ পর্যন্ত তার ঊর্ধ্বতন কর্মকর্তা তার পদোন্নতির ফাইলটি বাতিল করে দিলেন।
P316,"জুয়াচোরের বাড়ি ফলার, না আঁচালে বিশ্বাস নেই।",অনিশ্চয়তা সম্পর্কে সন্ধিহান; না দেখলে বিশ্বাস নেই,general,মক্কেল দাবি করেছিলেন কোডের কাজ সম্পূর্ণ ত্রুটিমুক্ত হয়েছে। ডেডলাইনের আগে কোডগুলো সার্ভারে স্থাপন করার পর নানা ধরনের সমস্যা সামনে চলে আসল। এই ঘটনা থেকে প্রমাণিত হলো নিজ চোখে কোডিং পরীক্ষা না করা পর্যন্ত কাউকে অন্ধভাবে ভরসা করা বোকামি।
P317,ঝাঁকের কই ঝাঁকে ফেরে/মেশে,সমধর্মীরা একসাথে থাকতে ভালবাসে।,general,অফিসে নতুন পরিচালক আসার পর থেকেই পুরনো লবিংকারী কর্মকর্তারা নিজেদের চারপাশে একটি শক্ত বলয় তৈরি করে ফেললেন। তারা নিজেদের পছন্দের মানুষদের গুরুত্বপূর্ণ সব প্রকল্প বরাদ্দ দিতে শুরু করলেন। এর ফলে যোগ্য ও নিরপেক্ষ কর্মীরা কাজের সুযোগ থেকে বঞ্চিত হয়ে কোণঠাসা হয়ে পড়লেন।
P318,টাকা চিটেগুড়- মক্ষি টানে,অর্থ থাকলে পাশে অনেক উমেদার জুটে যায়।,general,"বিভাগীয় প্রধানের পদটি ফাঁকা হওয়ার পর থেকেই অফিসে এক অদ্ভুত দৃশ্য দেখা যাচ্ছে। এতদিন যারা খোঁজ নিত না, তারাও এখন রোজ স্যারের কেবিনে দীর্ঘক্ষণ সময় কাটাচ্ছে। পরিণামে, তেলবাজির এই মহড়া দেখে পুরোনো কর্মীরা দারুণ বিরক্ত হলেও ঊর্ধ্বতন কর্তৃপক্ষ এই তোষামোদিকেই বেশি গুরুত্ব দিচ্ছে।"
P319,ঠেলায় পড়লে বামুন শালগ্রামের পৈতা/সোনা বেঁচে খায়,বিপদে পড়লে ভগবানে ভক্তি শিকেয় ওঠে।,general,"অফিসে সবসময় নীতিবাক্য আওড়ানো কর্মকর্তাটি যখন দেখলেন তার চাকরিটা সরাসরি হুমকির মুখে পড়েছে, তখন তিনি নিজের আদর্শ জলাঞ্জলি দিলেন। টিক থাকার জন্য তিনি ঊর্ধ্বতন কর্তৃপক্ষের সব অনৈতিক আবদার মেনে নিলেন এবং সহকর্মীদের বিরুদ্ধে মিথ্যা তথ্য ছড়ালেন। শেষ পর্যন্ত তার নৈতিকতার মুখোশ খুলে গেল এবং তিনি সবার কাছে চরমভাবে অপদার্থ প্রমাণিত হলেন।"
P320,ডানাকাটা পরী,কুদর্শনা নারীর প্রতি বক্রোক্তি।,general,অফিসের নবাগত কর্মীটি প্রথম দেখাতে নিজেকে অত্যন্ত দক্ষ ও মেধাবী হিসেবে জাহির করেছিল। কিন্তু মূল প্রজেক্টে তার কাজের মান দেখে পুরো টিম বুঝতে পারল যে সে কেবল বাইরের চাকচিক্যই দেখিয়েছে। শেষ পর্যন্ত তার অপরিপক্ব কাজের কারণে প্রতিষ্ঠানের বড়সড় আর্থিক ক্ষতি হয়ে গেল।
P321,ঢাক ঢাক গুড় গুড়,প্রকৃত অবস্থা গোপন করার চেষ্টা,general,বার্ষিক মূল্যায়নের সময় ঘনিয়ে আসতেই রোহিত তার দলের ব্যর্থতাগুলো সবার আড়ালে সরিয়ে ফেলতে তৎপর হয়ে ওঠে। সে ঊর্ধ্বতন কর্মকর্তাদের সামনে নিজের ভুলগুলো সুকৌশলে এড়িয়ে অন্য সহকর্মীদের ওপর দোষ চাপানোর পাঁয়তারা করে। ফলে শেষ পর্যন্ত যোগ্যরা বঞ্চিত হলেও তার এই চতুরতার কারণে পদোন্নতির তালিকা সে ঠিকই নিজের নাম লিখিয়ে নেয়।
P322,তালপাতার ছায়া মিছা কর তার মায়া,ক্ষণস্থায়ী বিষয়ের উপর নির্ভর করা যায় না।,general,"অফিসের একজন ঊর্ধ্বতন কর্মকর্তার মৌখিক আশ্বাসের ওপর অন্ধবিশ্বাস রেখে রায়হান তার গুরুত্বপূর্ণ প্রজেক্টের কাজগুলো অবহেলা করতে শুরু করল। সে ভাবল বস যখন মুখের কথা দিয়েছেন, তখন তার পদোন্নতি নিশ্চিতভাবেই হতে চলেছে। কিন্তু মাস শেষে অন্য একজনকে সেই পদে বসানো হলে সে চরম হতাশায় ভেঙে পড়ল।"
P323,"থোড়-বড়ি-খাড়া, খাড়া-বড়ি-থোড়","বৈচিত্রহীন, একঘেয়ে ভাব।",general,প্রতিষ্ঠানের ঊর্ধ্বতন কর্তৃপক্ষ নতুন নিয়মে বার্ষিক মূল্যায়নের ঘোষণা দিলেও কাজের ধরনে কোনো ইতিবাচক পরিবর্তন আসেনি। আগের মতো কেবল নামের পরিবর্তন করে নতুন ফরম্যাটে সেই পুরনো দায়িত্বগুলোই কর্মীদের কাঁধে চাপিয়ে দেওয়া হয়েছে। এতে কর্মীদের পদোন্নতির আনন্দ ফিকে হয়ে গেছে এবং কাজের একই একঘেয়ে চাপ আগের মতোই বহাল রয়েছে।
P324,দুঃখবিনা সুখ হয় কি মহীতে,সুখ-দুঃখ অবমিশ্র হয় না; সুখের আড়ালে দুঃখ থাকে।,general,অফিসে কাঙ্ক্ষিত উচ্চপদ লাভের আনন্দে অভিভূত হয়ে রোহিত অতিরিক্ত দায়িত্ব কাঁধে তুলে নিল। সে দিনরাত এক করে প্রতিষ্ঠানের লক্ষ্য অর্জনে নিজেকে পুরোপুরি সঁপে দিল। কিন্তু এই অতিরিক্ত কাজের চাপে তার ব্যক্তিগত জীবন বিপর্যস্ত হয়ে পড়ল এবং অর্জিত পদের পেছনের মানসিক অবসাদ তাকে গ্রাস করল।
P325,ধার করে কানে সোনা,কর্জ করে বাবুগিরি ফলায়; পরে ধার শোধ করতে গিয়ে বিপন্ন হয়।),general,নিজের এক টুকরো জমি না থাকলেও গ্রামের মোড়লদের নজরে আসার জন্য গ্রামের বিবাহ উৎসবে চড়া সুদে টাকা জমকালো ভোজের আয়োজন করল মজনু। পরবর্তী মৌসুমে ফসল তোলার পর সব ধান মহাজনের গোলায় তুলে দিলেও তার ঋণের সুদ শোধ হলো না। ফলে তার পরিবারের সারা বছর না খেয়ে দিন কাটানোর করুণ দশা তৈরি হলো।
P326,নদীর মুখে বালির বাঁধ,ক্ষণস্থায়ী/ভঙ্গুর প্রতিরোধ ব্যবস্থা; নিস্ফল প্রচেষ্টা,general,কোম্পানির শীর্ষ কর্মকর্তার অসন্তুষ্টি ঢাকতে সুমিত শেষ মুহূর্তে কিছু চমৎকার презентация তৈরি করে বসের টেবিলে জমা দিল। কিন্তু দীর্ঘদিনের জমে থাকা কাঠামোগত দুর্নীতির বিরুদ্ধে এই আকস্মিক উপস্থাপনা কোনো কাজে এল না। শেষ পর্যন্ত তার সমস্ত প্রচেষ্টা ব্যর্থ হয়ে গেল এবং পদোন্নতির তালিকা থেকে তার নাম বাদ পড়ে গেল।
P327,"পাগল কি গাছে ফলে, আক্কেলেতে পাগল বলে",আক্কেল গেলেই লোকে পাগলামি করে; পাগলামি করলে লোকে পাগলই বলবে।,general,ফ্রিল্যান্সার তানভীর ক্লায়েন্টের মন জয় করতে মাত্র একদিনে বিশাল একটি জটিল কোডিং বাগ সমাধানের অসম্ভব দায়িত্ব নিলেন। তিনি কোডের সিকিউরিটি এবং ব্যাকআপ নেওয়ার মৌলিক বিষয়টি সম্পূর্ণ উপেক্ষা করে হুটহাট কোড এডিট করতে শুরু করলেন। এর পরিণামে পুরো সার্ভার ক্র্যাশ করে গেল এবং ক্লায়েন্ট তাকে স্থায়ীভাবে বয়কট করল।
P328,"ফেলো কড়ি মাখ তেল, তুমি কি আমার পর?",অর্থের বিনিময়ে ইচ্ছাপূরণ; ব্যবসায়ে আত্মীয়তার সুযোগ নেই; ব্যবসায়ে কোন খাতির চলে না।,general,বার্ষিক মূল্যায়নে সিনিয়র ম্যানেজারকে ব্যক্তিগতভাবে খুশি করতে না পারলে জুনিয়র কর্মীর প্রমোশন আটকে যায়। ঊর্ধ্বতন কর্তৃপক্ষ কেবল কাজের ফলাফল ও লাভজনক প্রজেক্টের সফল সমাপ্তি দেখতে চায়। তাই ব্যক্তিগত সুসম্পর্ক থাকা সত্ত্বেও শেষ পর্যন্ত মূল অবদানের ভিত্তিতেই পদোন্নতির তালিকা চূড়ান্ত করা হয়।
P329,বিষ নেই তার কুলোপানা চক্কর,অক্ষমের বৃথা আস্ফালন; ক্ষমতাহীন ব্যক্তির মৌখিক আস্ফালন,general,বার্ষিক মূল্যায়নে ভালো কোনো প্রকল্প সফল করতে না পেরেও রিয়াজ সাহেব মিটিংয়ে সবচেয়ে উঁচু গলায় কথা বলতে লাগলেন। তিনি অন্যান্য সহকর্মীদের কাজের ভুল ধরতে শুরু করলেন যেন তিনিই প্রতিষ্ঠানের সবচেয়ে বড় চালিকাশক্তি। অথচ দিনশেষে তার নিজের কোনো বাস্তব অবদান না থাকায় কর্তৃপক্ষ তাকে সম্পূর্ণ গুরুত্বহীন করে রাখল।
P330,ভালমনের মানুষ ভাল দেখতে হয়,মন ভালো হলে চেহারায় তার আলাদা ছাপ থাকে,general,"প্রতিষ্ঠানের ঊর্ধ্বতন কর্মকর্তা যখন নতুন দলনেতা নির্বাচনের সিদ্ধান্ত নিচ্ছিলেন, তখন অনেকের মধ্যে তীব্র প্রতিযোগিতা চলছি। কিন্তু শান্ত স্বভাবের কর্মীর নিখাদ সততা এবং সহকর্মীদের প্রতি নিঃস্বার্থ সহযোগিতার মানসিকতা তার মুখাবয়বে এক অন্যরকম প্রশান্তি ফুটিয়ে তুলেছিল। শেষ পর্যন্ত কর্তৃপক্ষ তার এই স্বচ্ছ চরিত্র ও আত্মিক সৌন্দর্যের ওপর ভরসা রেখেই তাকে কাঙ্ক্ষিত পদের দায়িত্ব অর্পণ করেন।"
P331,মুখ মনের আয়না/মুকুর,মুখ দেখলে মন পড়া যায়।,general,"ব্যবহারিক পরীক্ষার বোর্ডে দাঁড়িয়ে শিক্ষার্থী যখন পরীক্ষকের কঠিন প্রশ্নের জবাবে কেবল থতমত খেয়ে দাঁড়িয়ে রইল, তখন তার ফ্যাকাসে বর্ণ ও নড়বড়ে পা বলে দিচ্ছিল তার প্রস্তুতি কেমন ছিল। সে যতই সহজভাবে হাসার চেষ্টা করুক না কেন, তার এই নার্ভাস ভাব দেখে পরীক্ষক বুঝতে পারলেন যে সে পড়াটি ঠিকমতো রপ্ত করেনি। ফলে, তাকে আগামী সেমিস্টারে আবার পরীক্ষা দেওয়ার জন্য মৌখিকভাবে প্রস্তুত থাকতে বলা হলো।"
P332,"যেমন বুনো ওল, তেমনি বাঘা তেঁতুল","যেমন কঠিন রোগ, তেমনি তীব্র ঔষধ; যেমন শঠ তেমন শাস্তি",general,অফিসের সিনিয়র ম্যানেজার দীর্ঘদিন ধরে নিচের স্তরের কর্মীদের নানাভাবে হয়রানি ও পদোন্নতি আটকে রাখছিলেন। ম্যানেজমেন্ট তার এই অনৈতিক দৌরাত্ম্য দমনে একজন অত্যন্ত কঠোর ও আপসহীন অডিট প্রধানকে নিয়োগ দিল। অবশেষে সেই দুর্নীতিবাজ কর্মকর্তার সব বেআইনি সিন্ডিকেট ভেঙে চুরমার হয়ে গেল।
P333,রোদে ধান ছায়ায় পান- খনা,রোদে ধান ভাল উৎপন্ন হয়; ছায়ায় পানের চাষ হয়।,general,অফিসে নতুন প্রকল্পের লিডার হওয়ার জন্য একে অপরের সাথে তীব্র প্রতিযোগিতা শুরু হয়েছিল। সঠিক সময়ে সঠিক দক্ষতা প্রদর্শন করে আমি বসকে আমার সক্ষমতার প্রমাণ দিলাম। এর ফলে আমার মেধার সঠিক মূল্যায়ণ হলো এবং আমি কাঙ্ক্ষিত পদোন্নতি লাভ করলাম।
P334,লাই দিলে কুকুর মাথা ওঠে,প্রশ্রয় পেলে নীচ প্রশ্রয়দাতার অনিষ্ট করে।,general,পাইকারি বাজারের এক নতুন খুচরা বিক্রেতা বারবার অনুরোধ করায় আমি তাকে বিনা জামানতে অনেক বাকিতে পণ্য সরবরাহ করেছিলাম। আমার এই ব্যবসায়িক উদারতাকে সে আমার দুর্বলতা হিসেবে নিয়ে সময়মতো দেনা পরিশোধ করা পুরোপুরি বন্ধ করে দিল। এতে আমার ব্যবসায় মূলধন সংকট দেখা দিল এবং বাজারে আমার নিজের লেনদেনের সুনাম মারাত্মকভাবে ক্ষুণ্ণ হলো।
P335,শুধু কথায় চিঁড়ে ভেজে না,"শুধু কথায় কাজ হয় না, কিছু অর্থ ব্যয় করতে হয়।",general,বার্ষিক মূল্যায়নে ঊর্ধ্বতন কর্মকর্তাদের কাছে নিজের দক্ষতার কেবল মৌখিক প্রশংসা করলেই ভালো পজিশন নিশ্চিত হয় না। নির্দিষ্ট লক্ষ্য অর্জনের প্রমাণ ও অতিরিক্ত দায়িত্ব পালনের শক্ত নথিপত্র ম্যানেজমেন্টের সামনে পেশ করতে হয়। এর ফলে কর্তৃপক্ষ সন্তুষ্ট হয়ে কাঙ্ক্ষিত পদোন্নতির চিঠি হাতে ধরিয়ে দেয়।
P336,ষরষের মধ্যে ভূত,ওষুধ/শুদ্ধির মধ্যে ভেজাল; দলের মধ্যে অনিষ্টকারী ব্যক্তি।,general,বার্ষিক পদোন্নতির জন্য পুরো টিম অত্যন্ত পরিশ্রম করে একটি যুগান্তকারী প্রকল্প তৈরি করেছিল। কিন্তু ম্যানেজমেন্টে থাকা প্রকল্পের প্রধানই গোপনে প্রতিযোগী প্রতিষ্ঠানের কাছে সমস্ত সংবেদনশীল তথ্য পাচার করে দেন। ফলে শেষ মুহূর্তে পুরো দল ব্যর্থ হয় এবং যোগ্য কর্মীরা পদোন্নতি থেকে বঞ্চিত হন।
P337,সোনার জলে গিলটি করা,"সোনার মতো চকচকে করে তোলা, সোনালি রং বা আলোয় রাঙিয়ে সজ্জিত করা।",general,"অফিসের জুনিয়র ডেভেলপার তার কাজের কোডিংয়ের দুর্বলতা ঢাকতে ওপরের অংশে চমৎকার ইউজার ইন্টারফেস ও দৃষ্টিনন্দন থিম যুক্ত করে দিল। ঊর্ধ্বতন কর্তৃপক্ষ বাহ্যিক ঝকঝকে রূপ দেখে তাকে পুরস্কৃত করলেও, ভেতরে কোডের জটিল ত্রুটির কারণে পুরো সিস্টেমটি একদিন হঠাৎ ধসে পড়ল।"
P338,হাঁ মুখে মাছি ঢোকে,অসতর্ক থাকলে বিপদে পড়তে হয়।,general,বার্ষিক মূল্যায়নের আগে সিনিয়র ম্যানেজার প্রজেক্ট রিপোর্টের শেষাংশ ঠিকমতো যাচাই করেননি। তিনি জুনিয়রদের ওপর অন্ধভাবে ভরসা করে ফাইলটি সিইও-এর দপ্তরে জমা দিয়ে দেন। পরবর্তীতে অডিটে বড় ধরনের গরমিল ধরা পড়ায় তার বহুদিনের কাঙ্ক্ষিত পদোন্নতি হাতছাড়া হয়ে যায়।
P339,"অনেক সুখ কপালে, ছেঁড়া কাঁথা বগলে",কপাল বলে কিছু নেই; মানুষ কর্মদোষে দুঃখ ভোগ করে।,general,"বার্ষিক মূল্যায়নে শীর্ষস্থান নিশ্চিত করতে সে গত এক বছর ধরে দক্ষতার সাথে বড় বড় প্রজেক্টগুলো সফলভাবে সম্পন্ন করেছিল। কিন্তু শেষ মুহূর্তে অফিসের নীতিনির্ধারক মহলের তোষামোদ না করে সে নিজের অহংকার ও অলসতাকে প্রাধান্য দিয়েছিল। পরিণামে যোগ্যতার স্বীকৃতি তো মেলেনি, বরং সে চাকরি হারানোর নোটিশ হাতে নিয়ে নিঃস্ব হয়ে পড়ে রইল।"
P340,আপন ঘরে সবাই রাজা,নিজের ঘরে যেমন প্রভুত্ব করা যায় অন্যত্র তেমন পারা যায় না।,general,শাখা কার্যালয়ে ছোট দলের নেতৃত্ব দিয়ে নিজেকে অদ্বিতীয় মনে করত অনিরুদ্ধ। কিন্তু প্রধান কার্যালয়ের উচ্চপদস্থ কর্মকর্তাদের সামনে প্রেজেন্টেশন দিতে গিয়ে সে পুরোপুরি আটকে গেল। নিজের ক্ষুদ্র সীমানার বাইরে পেশাদার প্রতিযোগিতার বিশাল ময়দানে তার সেই পুরনো কর্ত্রীগিরি টিকল না।
P341,ইটে নাই ভিটে নাই বাইরে মর্দানী,"ঘরে অন্ন নেই, বাইরে বাবুয়ানা; ফতেবাবুর ফুটানি",general,অফিসের বেসিক স্যালারি তিন মাস ধরে বকেয়া থাকলেও সিনিয়র এক্সিকিউটিভ সাহেব ব্র্যান্ডেড স্যুট পরে দামি আইফোন হাতে ডেস্কে বসে থাকেন। ক্লায়েন্ট মিটিংয়ে তিনি লাখ টাকার প্রজেক্টের বড় বড় কথা বলে সবাইকে মুগ্ধ করার চেষ্টা করেন। অথচ মাসের শেষে তার পকেটে রিকশাভাড়া দেওয়ার মতো নগদ টাকাও থাকে না।
P342,উচিৎ কথায় আহাম্মক রুষ্ট,উচিৎ কথা কইতে মানা; হক কথা শুনে নির্বোধও রাগ করে।,general,"অফিসের সিনিয়র ম্যানেজার যখন একটি ত্রুটিপূর্ণ প্রেজেন্টেশন সবার সামনে উপস্থাপন করলেন, তখন জুনিয়র অ্যানালিস্ট সব তথ্য সামনে এনে ভুলটি ধরিয়ে দিল। সে চেয়েছিল প্রজেক্টটি রক্ষা করতে এবং কোম্পানির ক্ষতি রোধ করতে। কিন্তু ম্যানেজার নিজের অক্ষমতা ঢাকতে উল্টো তার ওপর ক্ষেপে গেলেন।"
P343,এঁদো (পানাপচা) পুকুরে ডুবে মরা,বিরাট কাজ করে সামান্য ভুল করা।,general,বার্ষিক মূল্যায়নে সেরা পারফরম্যান্স দেখিয়েও অনিমেশবাবু শেষ মুহূর্তে এসে অফিস ম্যানেজমেন্টের একটি গোপনীয় ফাইলের পাসওয়ার্ড সহকর্মীর সাথে শেয়ার করে বসেন। এই একটিমাত্র দায়িত্বজ্ঞানহীন আচরণ তার বছরের পর বছর ধরে করা নিখুঁত ও পরিশ্রমী কাজগুলোকে এক নিমেষে ম্লান করে দেয়। ফলে পদোন্নতির ঠিক আগমুহূর্তে কোম্পানির কঠোর নীতিমালা ভঙ্গের কারণে তাকে বরখাস্ত করা হয়।
P344,ওষুধের চেয়ে পথ্যি ভালো,সুসমখাদ্য ডাক্তারের চেয়ে ভাল ডাক্তার।,general,অপরিচিত এক ব্যক্তির লোভনীয় অফারে প্রলুব্ধ হয়ে লিমনের অ্যাকাউন্ট থেকে সমস্ত ব্যক্তিগত তথ্য এক ক্লিকেই অন্য সাইটে চলে গেল। অ্যাকাউন্ট হ্যাক হওয়ার পর নামমাত্র কিছু সিকিউরিটি অ্যাপ ডাউনলোড করেও সে তার খোয়া যাওয়া গোপন ডেটা আর উদ্ধার করতে পারল না। ডিজিটাল দুনিয়ায় এই ধরনের বিপদ থেকে বাঁচার একমাত্র উপায় হলো সচেতনতা এবং অনলাইনে অতিরিক্ত সতর্কতা অবলম্বন করা।
P345,কত জলে কত চাল/চিঁড়ে ভেজে দেখো,যা জানতে না তা এখন জেনে নাও।,general,জুনিয়র সফটওয়্যার ইঞ্জিনিয়ার রনি ভেবেছিল সিনিয়র পদের কাজের চাপ সে সহজেই সামলে নিতে পারবে। কিন্তু নতুন বড় প্রজেক্টের কোডিং সামলাতে গিয়ে সে পুরোপুরি হিমশিম খেতে শুরু করে। শেষ পর্যন্ত অভিজ্ঞ ম্যানেজার তাকে ডেকে সমস্ত জটিলতা হাতে-কলমে বুঝিয়ে দেন।
P346,"খালি পেটে জল, ভরা পেটে ফল",খালি পেটে জল খাওয়া নেই এবং ভরা পেটে ফল খাওয়া নেই- বৈদ্যের বিধান।,general,অফিসে নতুন পদোন্নতির দৌড়ে টিকে থাকতে তরুণ কর্মকর্তা অহেতুক তাড়াহুড়ো করে ঊর্ধ্বতন কর্মকর্তাদের কাছে নিজের ভুল সিদ্ধান্ত পেশ করল। উপযুক্ত প্রস্তুতির অভাবে সে কাঙ্ক্ষিত লক্ষ্য অর্জনে সম্পূর্ণ ব্যর্থ হলো। সঠিক নিয়ম না মেনে শর্টকাট পদ্ধতি অবলম্বন করায় তার ক্যারিয়ারের অগ্রগতি থমকে গেল।
P347,গিন্নির দোষে/পাপে গৃহস্থ নষ্ট,গিন্নি অকর্তব্যকাজ করলে সংসার সুখের হয় না,general,দলের টিম লিড সময়মতো সঠিক প্রজেক্ট রিপোর্ট জমা না দেওয়ায় পুরো টিম বড় ধরনের বিপদে পড়েছিল। উচ্চপদস্থ কর্তারা এই গাফিলতির কারণে সমগ্র ব্রাঞ্চের বার্ষিক ইনক্রিমেন্ট আটকে দেন। এর ফলে সকল কর্মীর কঠোর পরিশ্রম সত্ত্বেও প্রতিষ্ঠানটির লক্ষ্যমাত্রা পুরোপুরি ব্যর্থতায় পর্যবসিত হয়।
P348,"ঘরের মা ভাত পায় না, পরের জন্য মাথাব্যথা",ঘর ছেড়ে পরকে নিয়ে পড়া।,general,নিজের টিমের মূল প্রজেক্টের কাজ ফেলে রেখে তিনি অন্য বিভাগের মৃতপ্রায় একটি প্রজেক্ট বাঁচানোর অহেতুক চেষ্টা শুরু করলেন। নিজের দায়িত্বগুলো সব অনিষ্পন্ন অবস্থায় ফেলে সারাদিন বাইরের মিটিংয়ে সময় কাটালেন। ফলাফলস্বরূপ নিজের অর্ডারে চরম ব্যর্থতা এসে হাজির হলো এবং পদোন্নতির সুযোগ চিরতরে হাতছাড়া হয়ে গেল।
P349,চাল নেই তবে ভাতে ভাত রাঁধো,যে সম্ভব নয় তাই করতে যাওয়া।,general,"অফিসের নতুন কর্মীরা মাত্র তিন মাস কাজ শেখার পরেই ঊর্ধ্বতন ব্যবস্থাপনার মতো জটিল দায়িত্ব পালনের দাবি তোলে। তারা উপযুক্ত অভিজ্ঞতা এবং দক্ষতা অর্জন না করেই বড় পদের জন্য জোর তদবির শুরু করে। ফলস্বরূপ, কাজের মান চরমভাবে অবনতি ঘটে এবং শেষ পর্যন্ত তাদের তিরস্কারের মুখোমুখি হতে হয়।"
P350,ছাইচাপা আগুন,অব্যক্ত ক্রোধ/মর্মবেদনা; সুপ্তপ্রতিভা; ভিতরে তেজ আছে কিন্তু বাইরে প্রকাশ নেই।,general,অফিসের জুনিয়র ডেভেলপার অনীক দীর্ঘদিন ধরে নীরবে সমস্ত জটিল প্রজেক্ট সফল করে চললেও বসেরা তাকে কখনো পাদপ্রদীপে আনেননি। গত বার্ষিক মূল্যায়নে সে কোনো কথা না বলে নিজের তৈরি করা নতুন সফটওয়্যার মডিউলটি নীরবে জমা দেয়। শেষ পর্যন্ত তার এই অসাধারণ পারফরম্যান্সের সুবাদে কোম্পানির ডিরেক্টর তাকে সরাসরি প্রজেক্ট লিড পদে উন্নীত করেন।
P351,জলছাড়া কুমির/মৎস,কুমির যতক্ষণ জলে থাকে ততক্ষণ তার বিক্রম; ডাঙায় উঠলেই বিক্রম শেষ- ডালছাড়া বানর,general,অফিসের চেনা ছক আর বসদের কৃপাদৃষ্টির ওপর ভর করে অনিমেশ নিজেকে কোম্পানির অপরিহার্য অংশ মনে করত। কিন্তু হঠাৎ তাকে সম্পূর্ণ অচেনা একটি নতুন শাখায় বদলি করা হলে তার সব অহংকার মুহূর্তে চূর্ণ হয়ে গেল। নতুন পরিবেশের নিয়মের সাথে সে আর খাপ খাওয়াতে পারল না এবং শেষ পর্যন্ত নিজের যোগ্যতার অভাবের কারণে তাকে পদত্যাগ করতে হলো।
P352,ঝিকে মেরে বৌকে শেখানো,কন্যাকে শাসন করে পুত্রবধুকে শিক্ষা দান; পরোক্ষে তিরস্কার; ইঙ্গিতে কার্যসাধন।,general,বড় প্রকল্পের কাজ সময়ে শেষ না হওয়ায় ব্যবস্থাপক সরাসরি দলের প্রধানকে কিছু না বলে নতুন সহকর্মীকে সবার সামনে তীব্র তিরস্কার করলেন। জুনিয়র কর্মীটির এই অপমান দেখে বাকি সবাই নিজেদের কাজের গতি বাড়িয়ে দিল এবং নির্দিষ্ট সময়ের আগেই প্রোজেক্ট জমা দিল। এতে ঊর্ধ্বতন কর্তৃপক্ষের কাছে বসের দক্ষতা প্রমাণিত হলো কিন্তু কর্মপরিবেশ বিষাক্ত হয়ে উঠল।
P353,টাকা থাকলেই অপব্যয়,অর্থশালী প্রয়োজনের তুলনায় আড়ম্বরে বেশি খরচ করে।,general,পদোন্নতির পর প্রথম মাসেই নতুন কর্মকর্তা বড় অংকের বাজেট বরাদ্দ পেলেন। প্রয়োজনীয় উপকরণের চেয়ে বিলাসবহুল আসবাব আর জাঁকজমকপূর্ণ অভ্যর্থনা আয়োজনেই সমস্ত তহবিল শেষ হয়ে গেল। ফলে প্রকল্পের মূল কাজ ব্যাহত হলো এবং নির্ধারিত লক্ষ্য অর্জিত হলো না।
P354,"ঠাকুর ঘরে কে, আমি কলা খাই নি","অপরাধী দুর্বলচিত্তের হয়, চালাকি করতে গিয়ে ধরা পড়া; অতি সতর্কতায় দোষ-স্বীকার; এক কথার অন্য উত্তর দিয়ে বদ মনোভাব প্রকাশ করে ফেলা।",general,"ব্যবস্থাপক মহোদয় হঠাৎ তার কেবিনে এসে জানতে চাইলেন কে ক্লায়েন্টের ফাইলটি ডিলিট করেছে। অনিক তৎক্ষণাৎ নিজের সিটে দাঁড়িয়ে গলা উঁচিয়ে বলে উঠল যে সে তো আজ সারাদিন সেফটি প্রোটোকল মেনে কাজ করেছে। অথচ তাকে কেউ কোনো সন্দেহও করেনি, কিন্তু তার এই অতিরিক্ত সাফাই গাওয়ার কারণেই সবাই বুঝে গেল অপরাধী আসলে কে ছিল।"
P355,"ডুমুরের ফুল, সাপের পা, কল্পনা শুধু কল্পনা","অশ্বডিম্ব, অমাবস্যার চাঁদ, কোকিলের বাসা, ডুমুরের ফুল সাপের পা ইত্যাদি হয় অদৃশ্য নয় অবাস্তব।",general,অফিসের ঊর্ধ্বতন কর্তৃপক্ষ বিনা পরিশ্রমে উচ্চ পদে পদোন্নতি দেওয়ার মিথ্যে প্রতিশ্রুতি দিয়ে মাসের পর মাস অতিরিক্ত কাজ আদায় করতে থাকে। কর্মীরা সেই আশার বশে দিনরাত এক করে কায়িক পরিশ্রম করলেও শেষ পর্যন্ত পদোন্নতির ফাইলটি চিরতরে চাপা পড়ে যায়। অবাস্তব সেই মায়ার জালে আটকে থেকে কর্মীদের দীর্ঘমেয়াদি হতাশা ছাড়া আর কিছুই জোটে না।
P356,ঢাকের বাদ্য থামলে মিষ্টি,কর্ণজ্বালা থেকে মুক্তি; বিরক্তিকর একঘেয়েমি থেকে মুক্তি; যা অসহ্য তার ইতি হওয়াই ভালো।,general,অফিসের ঊর্ধ্বতন কর্মকর্তার প্রতিদিনের অযৌক্তিক চিৎকার ও অতিব্যবহারে পুরো টিম মানসিকভাবে ভেঙে পড়েছিল। অবশেষে ওই কর্মকর্তা বদলি হয়ে অন্য শাখায় চলে যাওয়ার পর সবাই স্বস্তির নিঃশ্বাস ফেলল। দীর্ঘদিনের এই মানসিক নিপীড়ন থেকে মুক্তি পেয়ে কর্মীরা এখন অনেক বেশি উৎসাহ নিয়ে কাজ করছে।
P357,তালপাতার সেপাই,"শীর্ণ, কৃশ, শক্তিহীন লোক।",general,বার্ষিক মূল্যায়নের সময় রতনবাবু নিজেকে অনেক বড় পদের যোগ্য বলে দাবি করতে লাগলেন। কিন্তু কাজের সময় সামান্য চাপ আসতেই তিনি ভয়ে গুটিয়ে গেলেন। শেষ পর্যন্ত ম্যানেজমেন্ট তাকে কোনো দায়িত্বশীল পদে না রেখে সাধারণ কর্মী হিসেবেই বহাল রাখল।
P358,"থাকে যদি চুড়ো বাঁশি, মিলবে রাধা হেন কত দাসী",কিছু পেতে হলে কিছু থাকতে হয়; গুণ থাকলে সব কার্যসিদ্ধি হয়।,general,অফিসের জ্যেষ্ঠ ব্যবস্থাপনা পদের জন্য কর্মীর বিশেষ দক্ষতা ও চমৎকার উপস্থাপনার ক্ষমতার তীব্র প্রয়োজন ছিল। তিনি সময়মতো নিজের অনন্য কৌশলগত পরিকল্পনা প্রদর্শন করে ঊর্ধ্বতন কর্তৃপক্ষের নজর কেড়ে নিলেন। এর ফলে ম্যানেজমেন্ট তাকে প্রতিদ্বন্দ্বী সবাইকে পেছনে ফেলে কাঙ্ক্ষিত উচ্চ পদে উন্নীত করল।
P359,দিনে রোদ রাতে জল দিন দিন বাড়ে ঘানের বোল- খনা,দিনে রোদ এবং রাতে বৃষ্টি হলে ধানগাছ খুব সবল হওয়।,general,অফিসের প্রতিটি কঠিন প্রকল্পের শুরুতে নতুন কর্মীরা চরম অনিশ্চয়তার মুখে পড়েছিল। কিন্তু তারা নিয়মিত অতিরিক্ত সময় কাজ করে নিজেদের দক্ষতার প্রমাণ রাখল। এর ফলে খুব অল্প সময়ের মধ্যে তাদের পদোন্নতি নিশ্চিত হলো।
P360,ধুলো-মুঠো ধরলে সোনা-মুঠো হয়,সৌভাগ্যের লক্ষণ; সৌভাগ্যবান ব্যক্তি যে কাজেই হাত দেয় তাতেই লাভবান হয়।,general,অফিসের সবথেকে কঠিন এবং অবহেলিত প্রজেক্টটির দায়িত্ব অর্পণ করা হয়েছিল অনীকের ওপর। সে অত্যন্ত নিষ্ঠার সাথে দিনরাত পরিশ্রম করে প্রজেক্টটি সফলভাবে সম্পন্ন করল। তার এই অসাধারণ সাফল্যের পর কোম্পানির উচ্চপদস্থ কর্মকর্তারা তাকে সরাসরি ডিরেক্টর পদে উন্নীত করলেন।
P361,নাস্তিকের মুখে ধর্মকথা,"যে ঈশ্বর মানে না, সে ঈশ্বরের কথা বোলএ; অবিশ্বাস্য ঘটনা, সন্দেহজনক বিষয়; কোন ধান্ধাবাজী থাকতে পারে।",general,"যিনি সারাবছর সহকর্মীদের পেছনে লাগাতেন এবং কঠোর নিয়মের তোয়াক্কা করতেন না, তিনিই হঠাৎ বার্ষিক ভোজসভায় শৃঙ্খলা ও সততা নিয়ে দীর্ঘ বক্তৃতা দিলেন। তার এমন পরিবর্তিত রূপ দেখে সবাই হতবাক হয়ে গেল এবং বুঝতে পারল এর পেছনে নিশ্চয়ই কোনো গোপন স্বার্থ লুকিয়ে আছে। পরের দিনই তার পদোন্নতির গুঞ্জন ছড়িয়ে পড়লে সবার সন্দেহ পুরোপুরি সত্যি প্রমাণিত হলো।"
P362,পাপ ছাড়া সব কাজই ছোট আকারে শুরু হয়,অতি ক্ষুদ্রমাত্রার পাপও অতি ঘৃণ্য।,general,বার্ষিক মূল্যায়নে ভালো নম্বর পাওয়ার আশায় জুনিয়র অ্যানালিস্ট সুমিত তার এক সহকর্মীর তৈরি করা চমৎকার গ্রাফটি নিজের ফাইলে সামান্য একটু পরিবর্তন করে সংযুক্ত করল। সে ভেবেছিল সামান্য এই মিথ্যার কারণে কারও কোনো বড় ক্ষতি হবে না এবং ঊর্ধ্বতন কর্তৃপক্ষ তার প্রশংসাও করবে। কিন্তু পরবর্তীতে নিরীক্ষায় এই অসততা ধরা পড়ায় কোম্পানির নীতি অনুযায়ী তাকে তাৎক্ষণিকভাবে চাকরি হারাতে হলো।
P363,"ফুলে নাই গন্ধ, চক্ষু থাকতে অন্ধ","যে ফুলে গন্ধ নেই সেই ফুল বৃথা, আর যে চোখ থাকতেও দেখতে পায় না সেই চোখও বৃথা।",general,শরীফ সাহেব দীর্ঘদিন ধরে প্রতিষ্ঠানে কাজ করলেও নতুন কোনো কাজের সুযোগ সৃষ্টি করতে পারেননি। ঊর্ধ্বতন কর্তৃপক্ষ তার এই অলসতা এবং কাজের প্রতি উদাসীনতা সহজেই ধরতে পেরেছিল। ফলে যোগ্যতার অভাবের কারণে তার কপালে কাঙ্ক্ষিত পদোন্নতি জোটেনি।
P364,বুদ্ধি যার বল তার।,বুদ্ধির জোরে দুর্বলও যুদ্ধে জয়ী হয়।,general,"অফিসের ঊর্ধ্বতন কর্মকর্তারা যখন বিশাল বিনিয়োগের একটি প্রজেক্টে বড় ধরনের লোকসানের মুখে পড়েন, তখন সবাই দিশেহারা হয়ে পড়েন। জুনিয়র কর্মকর্তা রনি নিজের অভিজ্ঞ কৌশল খাটিয়ে এবং আধুনিক ডেটা অ্যানালাইসিস ব্যবহার করে এমন একটি নিখুঁত কর্মপরিকল্পনা জমা দেয় যা নিমেষেই সব সংকট কাটিয়ে ওঠে। তার এই দূরদর্শী ও সময়োপযোগী সুকৌশলী পদক্ষেপের ফলে কোম্পানি কেবল লোকসান থেকেই রক্ষা পেল না, বরং সে সবার অজান্তেই সবার চেয়ে এগিয়ে গিয়ে কাঙ্ক্ষিত পদোন্নতিও নিশ্চিত করল।"
P365,"ভেবেচিন্তে কাজ কর, লক্ষ্মী ঘরে চিরতর",সতর্ক থাকলে কোন ক্ষতি হয় না।,general,বার্ষিক মূল্যায়নের আগে অর্জিত লক্ষ্যমাত্রার হিসাব মেলাতে গিয়ে অর্নব বুঝতে পারল যে সে কিছু গুরুত্বপূর্ণ ডেটা এন্ট্রি করতে ভুলে গেছে। সে তাড়াহুড়ো করে রিপোর্ট জমা না দিয়ে প্রতিটি ফাইল গভীরভাবে যাচাই করল এবং সঠিক তথ্য ইনপুট দিল। এর ফলে তার তৈরি করা রিপোর্ট ত্রুটিমুক্ত হলো এবং সে সহজেই কাঙ্ক্ষিত পদোন্নতি অর্জন করল।
P366,মুখের বলা কথা ফেরানো যায় না,একবার বলে ফেললে সেই কথা আর গেলা যায় না,general,ক্লায়েন্টের প্রজেক্টে একটি মারাত্মক ত্রুটি ধরা পড়লেও রনি তা সময়মতো কর্তৃপক্ষকে না জানিয়ে নিজের মতো করে সমাধান করার চেষ্টা করল। সে নির্ধারিত সময়ের মধ্যে কোড জমা দিতে সম্পূর্ণ ব্যর্থ হলো এবং সার্ভার ক্র্যাশ করে বসল। এর ফলে কোম্পানিটির পুরোনো একটি আন্তর্জাতিক চুক্তি চিরতরে বাতিল হয়ে গেল।
P367,যেমন বৃক্ষ তেমন ফল,সন্তান পিতামাতার প্রকৃতি পায়।,general,প্রতিষ্ঠানের ঊর্ধ্বতন কর্মকর্তা বছরের পর বছর জুনিয়রদের সাথে অসদাচরণ ও ক্ষমতার অপব্যবহার করে আসছিলেন। সম্প্রতি তার গঠিত নতুন টিমটি একই ধরনের রূঢ় আচরণ এবং অফিস সংস্কৃতি নষ্ট করার অভ্যাস প্রদর্শন করেছে। কর্মপরিবেশের এই অবনতি প্রমাণ করে যে শীর্ষস্থানীয় নেতার চরিত্রই তার অনুসারীদের মধ্যে প্রতিফলিত হয়।
P368,"রাজারও রায়ত নয়, সাধুরও খাতক নয়",স্বাধীনচেতা মানুষ।,general,অফিসে ঊর্ধ্বতন কর্মকর্তাদের তোষামোদ না করে নিজের যোগ্যতার জোরে কাজ চালিয়ে যাচ্ছিল অনিক। ম্যানেজারের পছন্দমতো তেল না দেওয়ায় পদোন্নতির তালিকা থেকে তার নাম কেটে দেওয়া হয়। তবুও সে কারো কাছে মাথা নত না করে নিজের মেরুদণ্ড সোজা রেখে নতুন প্রতিষ্ঠানে দ্বিগুণ বেতনে চাকরি নিয়ে চলে গেল।
P369,লাখ টাকায় বামুন ভিখারি,স্বভাব ভিখারি; স্বভাব যায় না মলে।,general,অফিসের সবচেয়ে সিনিয়র জুনিয়র ম্যানেজারকে বোর্ড মিটিংয়ে কোম্পানির ফান্ড আত্মসাতের অভিযোগে অভিযুক্ত করা হয়েছিল। ঊর্ধ্বতন কর্তৃপক্ষ তাকে সাধারণ ক্ষমা করে ভালো পদে বসিয়ে দিলেও সে ফের গোপন টেন্ডার পাইয়ে দেওয়ার নামে ঘুষ নেওয়া শুরু করে। ফলে অল্পদিনেই সে আবার তার পুরোনো অপরাধের কারণে চাকরি হারায়।
P370,শুভ সূচনা হলে অর্ধেক কাজ সম্পন্ন হয়,পরিকল্পনাতে অর্ধেক সময় ব্যয় হয়।,general,নতুন একটি প্রকল্পের দায়িত্ব পাওয়ার সাথে সাথেই আমি সমস্ত ডেটা এবং রুটিন চার্ট তৈরি করে নিলাম। সুনির্দিষ্ট রূপরেখা প্রস্তুত থাকায় পরবর্তীতে টিম মিটিংয়ে কোনো জটিলতাই তৈরি হয়নি। এর ফলে নির্দিষ্ট সময়ের বহু আগেই আমরা লক্ষ্যমাত্রা অর্জন করতে পেরেছি।
P371,ষাঁড়ের গোবর,"ষাঁড়ের গোবরে মানুষ ব্যবহার করে না এই অর্থে অকর্মণ্য, অপদার্থ লোক।",general,বার্ষিক মূল্যায়নের সময় অফিসে একটি গুরুত্বপূর্ণ প্রজেক্টের দায়িত্ব দেওয়া হয়েছিল অনিরুদ্ধকে। সে পুরো সময়টাতে কোনো কাজ না করে কেবল অজুহাত দেখিয়ে সময় নষ্ট করেছে। ফলে শেষ মুহূর্তে কাজটি ভেস্তে যাওয়ায় টিম লিড তাকে সম্পূর্ণ অপদার্থ হিসেবে চিহ্নিত করে।
P372,স্পষ্ট কথায় কষ্ট নাই,খোলা জবাবে কষ্ট হয় না; সত্যকথা বলতে কোন দ্বিধা বা বিড়ম্বনা নেই; খোলা জবাবে ক্ষতি হয় না।,general,"বার্ষিক মূল্যায়নের সময় সিনিয়র ম্যানেজার যখন ত্রুটিগুলো নিয়ে জানতে চাইলেন, তখন অনিল কোনো রাখঢাক না রেখে সরাসরি নিজের ব্যর্থতার কারণগুলো ব্যাখ্যা করল। সে ম্যানেজারের মন জুগিয়ে মিথ্যা আশ্বাসের পথ মাড়ায়নি বরং কাজের বাস্তব চিত্র তুলে ধরল। এতে শীর্ষ কর্তারা তার সততা ও স্বচ্ছতা দেখে মুগ্ধ হলেন এবং তাকে গুরুত্বপূর্ণ প্রকল্পের দায়িত্ব দিলেন।"
P373,হাতি পাঁকে পড়লে হাতি উদ্ধার করে,প্রবল বিপাকে পড়লে প্রবলই এসে তাকে বাঁচায়।,general,"বার্ষিক মূল্যায়নে একটি শীর্ষস্থানীয় বহুজাতিক প্রতিষ্ঠানের সাধারণ কর্মীরা যখন অন্যায়ের শিকার হয়ে চাকরি হারানোর উপক্রম হয়েছিল, তখন খোদ কোম্পানির প্রধান নির্বাহী কর্মকর্তা এসে সেই অন্যায্য সিদ্ধান্তের বিরুদ্ধে কঠোর অবস্থান নেন। শেষ পর্যন্ত শীর্ষ নির্বাহীর সরাসরি হস্তক্ষেপে ম্যানেজমেন্টের ভুল নীতিমালা সংশোধন হয় এবং কর্মীরা নিরাপদে নিজেদের চাকরি ফিরে পায়।"
P374,"অনেক হল পাপ, এবার ছাড়ো বাপ","ভোগবিলাস অনেক হয়েছে, এবার দিনান্তে আসে ওসব ছেড়ে ধর্মেকর্মে মন দাও।",general,অফিসের বাকি সহকর্মীদের কোণঠাসা করে দ্রুত পদোন্নতি পেতে সে দীর্ঘদিন ধরে নানা অনৈতিক কৌশল অবলম্বন করছিল। শেষ পর্যন্ত ঊর্ধ্বতন কর্তৃপক্ষ তার এই দুর্নীতির প্রমাণ হাতে পেয়ে তাকে পদ থেকে বরখাস্ত করার চূড়ান্ত নোটিশ জারি করল। এখন সে নিজের ভুল বুঝতে পেরে বাকি জীবন সততার সাথে কাজ করার শপথ নিয়েছে।
P375,"আপনা হাত জগন্নাথ, পরের হাত এঁটো পাত","নিজের সব জিনিষ ভালো, সমর্পযায়ের পরের সব জিনিষ খারাপ; পড়ের জিনিষকে ঘৃণা করার প্রবণতাকে ব্যাঙ্গ করতে এই প্রবাদ ব্যবহৃত হয়।",general,অফিসের বার্ষিক মূল্যায়ন প্রক্রিয়ায় অনিরুদ্ধ তার নিজের তৈরি করা প্রতিবেদনটিকে সেরা হিসেবে দাবি করল। সে সহকর্মীদের অনেক পরিশ্রমের কাজগুলোকে ত্রুটিপূর্ণ বলে প্রধান নির্বাহীর কাছে অভিযোগ পেশ করল। এর ফলে তার নিজের পদোন্নতি নিশ্চিত হলেও পুরো দপ্তরের সহকর্মীরা চরম হতাশায় ভেঙে পড়ল।
P376,ইল্লত যায় না ধুলে. স্বভাব যায় না মলে,"জল দিয়ে ধুলে যেমন সব নোংরা যায় না, তেমনি স্বভাবও আমৃত্যু বদলায় না",general,সহকর্মীদের পেছনে লাগার পুরনো অভ্যাস ত্যাগ করতে বারবার সতর্ক করা সত্ত্বেও রনি ঊর্ধ্বতন কর্মকর্তাদের কাছে গোপন তথ্য পাচার করা চালিয়ে গেল। তাকে ভালো একটি পদে উন্নীত করার পর সে আগের মতো আবার নিজের সুবিধা আদায়ের জন্য সবার সাথে বিশ্বাসঘাতকতা শুরু করল। এর ফলে প্রতিষ্ঠানের পুরো পরিবেশ নষ্ট হলো এবং সহকর্মীদের মনে তার প্রতি তীব্র ক্ষোভের সৃষ্টি হলো।
P377,উছল নদীর কলকলানি বেশি,উদ্দাম যৌবনের ঝলকানি বেশি; অজ্ঞানেরা বেশী লম্ফঝম্ফ করে।,general,অফিসের নতুন জুনিয়র কর্মীটি এসেই বড় বড় কথা বলতে শুরু করল এবং কাজের চেয়ে মিটিংয়ে গলাবাজি বাড়াল। কিন্তু শেষ পর্যন্ত প্রজেক্ট জমা দেওয়ার সময় তার কোডিংয়ের মারাত্মক ত্রুটি ধরা পড়ল। এর ফলে সে বসের কাছে তিরস্কৃত হলো আর চুপিসারে কাজ করা শান্ত কর্মীটি পদোন্নতি পেল।
P378,এই মানুষ বনে গেলে বনমানুষ হয়,দুষ্টচক্রে পড়লে সৎমানুষও অসৎমানুষে পরিণত হয়,general,"অফিসে সততার সাথে কাজ করা তরুণ কর্মকর্তাটি হঠাৎ কুখ্যাত সিন্ডিকেটের সাথে মিশতে শুরু করে। সে ঊর্ধ্বতনদের সাথে প্রতারণার পথ বেছে নেয় এবং সহকর্মীদের ফাঁসিয়ে পদোন্নতি নিশ্চিত করে। পরিশেষে, সে তার দীর্ঘদিনের নৈতিকতা হারিয়ে অফিসের সবচেয়ে ঘৃণিত ও দুর্নীতিবাজ কর্মী হিসেবে পরিচিত হয়।"
P379,ওল খেয়ে গোল,সমস্যার সম্মুখীন।,general,অফিসের বসের বিশেষ সুনজরে আসার লোভে জুনিয়র কর্মীটি একটি জটিল দায়িত্ব নিজের কাঁধে তুলে নিল। নির্ধারিত সময়ের মধ্যে কাজটি জমা দিতে গিয়ে সে বুঝতে পারল কাজটির গভীরতা তার ধারণার বাইরে চলে গেছে। এখন সে এই বিপদের হাত থেকে বাঁচার কোনো উপায় খুঁজে পাচ্ছে না।
P380,কথা কম কাজ বেশী,কথা থেকে কাজের দাম বেশী।,general,বার্ষিক মূল্যায়নের বৈঠকে রোহান সাহেব শুধু লম্বা লেকচার আর চমৎকার প্রেজেন্টেশন দিয়ে ঊর্ধ্বতন কর্মকর্তাদের মন ভোলানোর চেষ্টা করলেন। কিন্তু প্রজেক্টের কঠিন সংকটময় মুহূর্তে মিতু নীরবে ল্যাপটপ নিয়ে বসে থেকে নির্দিষ্ট সময়ের মধ্যে ত্রুটিমুক্ত সফটওয়্যারটি বুঝিয়ে দিল। শেষ পর্যন্ত ঊর্ধ্বতন কর্তৃপক্ষ মৌখিক চাটুকারিতাকে গুরুত্ব না দিয়ে বরং দক্ষতার বাস্তব প্রমাণকেই পদোন্নতির জন্য চূড়ান্তভাবে বেছে নিল।
P381,খোলা মুখে মাছি ঢোকে,সতর্ক না থাকলে ক্ষতি হতে পারে।,general,বার্ষিক মূল্যায়নের আগে জুনিয়র কর্মীরা কাজের গোপন নথিগুলো টেবিলের ওপর অরক্ষিত অবস্থায় ফেলে রেখে বাইরে চলে গিয়েছিল। প্রতিদ্বন্দ্বী সহকর্মীরা সেই সুযোগ কাজে লাগিয়ে গুরুত্বপূর্ণ কৌশলগত তথ্য নিজেদের করে নেয়। ফলে শেষ মুহূর্তে পদোন্নতির তালিকা থেকে তাদের নাম বাদ পড়ে যায়।
P382,গুণে কড়ি জলে ফেলি সেও ভাল,কাজ বুঝে নেওয়াই উচিত।,general,বার্ষিক পদোন্নতির দৌড়ে সবচেয়ে মেধাবী কর্মীকে দায়িত্ব না দিয়ে ম্যানেজমেন্ট একজন দক্ষ এক্সিকিউটরকে বেছে নিল। নতুন এই কর্মকর্তা সব জটিল প্রজেক্ট সময়মতো শেষ করে কোম্পানির সুনাম রক্ষা করলেন। এতে প্রমাণিত হলো যে রূপকথার কারিগরদের চেয়ে কাজের সঠিক মানুষ নির্বাচন করা বেশি জরুরি।
P383,"ঘরমুখো বাঙালি, রণমুখো সেপাই",যার যা স্বভাব; প্রবাসী বাঙালী সবসময় ঘরে ফিরতে চায়; যুদ্ধের সময় সেপাইকে ঘরে আটকে রাখা যায় না।,general,"বার্ষিক মূল্যায়নের সময় অফিসে সবাই যখন উচ্চ পদোন্নতির জন্য মরিয়া হয়ে নানামুখী লবিং করছিল, তখন শান্তনু নিজের পুরোনো ডেস্কে ফিরে আসার জন্য উচ্চপদস্থ কর্মকর্তাদের কাছে বারবার আবেদন করতে লাগল। সহকর্মীরা বহু চেষ্টা করেও তাকে এই দৌড়ে টিকিয়ে রাখতে পারল না। শেষ পর্যন্ত সে সমস্ত লোভনীয় অফার ফিরিয়ে দিয়ে তার চেনাজানা পরিবেশের সেই ছোট দলটিতেই স্বস্তির সাথে ফিরে গেল।"
P384,চালে খড় নেই ঘরে বাতি,মুখ্যকাজ ছেড়ে দিতে গৌণকাজ করে,general,বার্ষিক মূল্যায়নের ঠিক আগের রাতে গুরুত্বপূর্ণ প্রজেক্টের কোড জমা দেওয়ার মূল দায়িত্ব ফেলে রেখে তৌফিক বসের টেবিল সাজানোর কাজ করছিল। সকালে ঊর্ধ্বতন কর্মকর্তারা কাজের অগ্রগতি দেখতে এসে চরম অসন্তুষ্টি প্রকাশ করলেন। ফলে তার পদোন্নতির সুযোগ চিরতরে হাতছাড়া হয়ে গেল।
P385,"ছাগলে কিনা খায়, পাগলে কিনা বলে","অবোধ ছাগলে খাদ্য, অখাদ্য- সব খায়; অবোধ পাগলে বাচ্য, অবাচ্য- সব বলে; অবোধদের গুরুত্ব দিতে নেই।",general,অফিসের জুনিয়র এক সহকর্মী কোনো কারণ ছাড়াই প্রতিদিন সবার বিরুদ্ধে ভিত্তিহীন অভিযোগ তুলছিল। সিনিয়র ম্যানেজার তার অযৌক্তিক কথাগুলোর কোনো উত্তর না দিয়ে নিজের কাজের গতি বজায় রাখলেন। ফলে কিছুদিন পর উর্ধ্বতন কর্তৃপক্ষ ওই ব্যক্তির মানসিক অবস্থা বুঝে তাকে এড়িয়ে চলতে শুরু করল।
P386,"জল নদীতে সুস্বাদু, সমুদ্রে বিস্বাদ",আধারগুণে চরিত্র বদলায়।,general,"শান্ত স্বভাবের এবং দক্ষ একজন কর্মী যখন সাধারণ শাখায় কাজ করত, তখন তার মেধার সঠিক মূল্যায়ন হতো। কিন্তু তাকে হঠাৎ রাজনীতির শিকার এমন এক বিভাগে বদলি করা হলো, যেখানে সে নিজের কাজের পরিবেশ হারিয়ে ফেলল। শেষ পর্যন্ত অনুকূল পরিবেশের অভাবে তার ভেতরের সব সৃজনশীলতা নষ্ট হয়ে গেল এবং সে পদোন্নতির দৌড় থেকে ছিটকে পড়ল।"
P387,ঝিনুক দিয়ে সাগর ছেঁচা,ক্ষুদ্র উপায়ে বিরাট কাজ করার চেষ্টা; নরুণ দিয়ে তালগাছ কাটা।,general,প্রতিষ্ঠানের বার্ষিক বিপণন লক্ষ্যমাত্রা অর্জনের জন্য মাত্র তিনজন কর্মী নিয়ে পুরো দেশের বাজার দখলের পরিকল্পনা করা হলো। দলের ম্যানেজার অতি অল্প পুজি ও সীমিত লোকবল দিয়ে রাতদিন কাজ চালিয়ে যাওয়ার নির্দেশ দিলেন। শেষ পর্যন্ত অতিরিক্ত চাপের কারণে সবাই অসুস্থ হয়ে পড়ল এবং কোনো লক্ষ্যমাত্রাই অর্জন করা সম্ভব হলো না।
P388,টাকা থাকলে ভূতের বাপের শ্রাদ্ধ হয়,অর্থ থাকলে নয়ছয় করা যায়।,general,অফিসের জ্যেষ্ঠ পদে পদোন্নতির ক্ষেত্রে দীর্ঘদিন ধরে কঠোর পরিশ্রম করেও জুনিয়র একজন কর্মী পিছিয়ে পড়ছিল। তবে সে সম্প্রতি তার প্রচুর ব্যাংক ব্যালেন্স ব্যবহার করে ঊর্ধ্বতন কর্তৃপক্ষকে দামি উপহার ও বিদেশ ভ্রমণের ব্যবস্থা করে দিল। এর ফলে তার অযোগ্যতা ঢাক পড়ে গেল এবং রাতারাতি সে কাঙ্ক্ষিত পদটি পেয়ে গেল।
P389,ঠাঁট ঠমকে বিকোয় ঘোড়া,গুণে নয় জমকে বাজারে জিনিষ বিক্রি হয়; বাহ্যিক ভড়ং দেখে লোকে ভোলে,general,অফিসের জুনিয়র সহকর্মী প্রীতম কাজের দিক থেকে খুবই দুর্বল হলেও ম্যানেজারের সাথে সবসময় তোষামোদমূলক আচরণ বজায় রাখত। সে নিজের দুর্বলতা ঢাকতে সবসময় দামি পোশাক পরে এবং বড় বড় ইংরেজি শব্দ ব্যবহার করে মিটিংয়ে নিজের গুরুত্ব জাহির করত। এর ফলে ম্যানেজারের চোখে সে একজন দক্ষ কর্মী হিসেবে প্রমাণিত হয় এবং কাজের আসল দক্ষতার মূল্যায়ন না পেয়ে প্রীতমই পদোন্নতি লাভ করে।
P390,"ডুবেছি না, ডুবতে আছি, দেখি পাতাল কত দূর?",বিপর্যয় লুকানোর প্রচেষ্ঠা।,general,"ম্যানেজারের দেওয়া বড় প্রজেক্টের কাজ সময়মতো শেষ করতে না পেরে অর্নব আরও নতুন কাজের দায়িত্ব নিজের কাঁধে তুলে নিল। সহকর্মীরা সাহায্য করতে চাইলে সে তা কঠোরভাবে এড়িয়ে গেল এবং রাত জেগে অপ্রয়োজনীয় মডিউল তৈরি করতে শুরু করল। ফলস্বরূপ, নির্ধারিত উপস্থাপনার দিন তার পুরো প্রজেক্টটি স্ক্রিন থেকে মুছে গেল এবং সে চাকরি হারানোর মুখে পড়ল।"
P391,ঢিল দিয়ে ঢিল ভাঙা,আগে আলগা দিয়ে পরে নিয়ন্ত্রণে আনা,general,অফিসের জ্যেষ্ঠ কর্মকর্তার সাথে সরাসরি তর্কে না জড়িয়ে জুনিয়র কর্মকর্তা প্রথমে তার সব দাবি মেনে নিয়ে আস্থা অর্জন করল। পরে উপযুক্ত সময়ে সুকৌশলে নিজের মতামতগুলো পেশ করে পুরো ব্যবস্থাপনার নিয়ন্ত্রণ নিজের হাতে নিয়ে নিল। এর ফলে সে বসের সুনজর কেড়ে কাঙ্ক্ষিত পদোন্নতি সহজেই নিশ্চিত করতে সক্ষম হলো।
P392,তিনদিনের যোগী ভাতকে বলে অন্ন,"আদিখ্যেতা, বাড়াবাড়ি; জাহির করার ইচ্ছা।",general,অফিসে যোগ দেওয়ার প্রথম সপ্তাহেই অনীশ বড়কর্তাদের সামনে বড় বড় টার্নওভার পলিসি নিয়ে লম্বা বক্তৃতা দিল। অথচ সে নিজের দৈনিক এক্সেল শিটের কাজটুকুও সঠিকভাবে শেষ করতে পারেনি। তার এই চটকদার বাচনভঙ্গি দেখে সিনিয়র কর্মীরা কেবল মুচকি হাসলেন।
P393,থাকে যদি চূড়ো বাঁশি মিলবে রাধা হেন দাসী,গুণ থাকলে কার্যসিদ্ধি হবেই।,general,বার্ষিক মূল্যায়নে শীর্ষ ব্যবস্থাপনার নজরে আসার জন্য সকলে বিভিন্ন বাহ্যিক উপায়ে চেষ্টা করছিল। কিন্তু রোহিত তার ব্যতিক্রমী ডেটা অ্যানালাইসিস দক্ষতা ও নিখুঁত কাজের মাধ্যমে প্রজেক্টটি সফলভাবে সম্পন্ন করল। শেষ পর্যন্ত তার এই অসাধারণ পারফরম্যান্সের কারণে কোম্পানির পরিচালক তাকে সিনিয়র ম্যানেজার পদে উন্নীত করলেন।
P394,দুই সতীনের ঘরকন্না ঘরের গিন্নি ভাত পান না,পরস্পরের আড়িতে রন্ধন বন্ধ। সুতরাং কারো ভাগ্যে খাবার জোটে না।,general,ল্যাব পার্টনাররা একে অপরকে সাহায্য না করে গবেষণার ফলাফল গোপন করার চেষ্টা করেন। তারা ভুল তথ্য সরবরাহ করে একে অপরের কাজ নষ্ট করায় ল্যাব রিপোর্ট জমা দেওয়া সম্ভব হয় না। শেষ পর্যন্ত পরীক্ষার দিনে তারা দুজনই অকৃতকার্য হন।
P395,"ধন, জন, যৌবন- জোয়ারের জল কতক্ষণ","অর্থ, আত্মীয় ও যৌবন জোয়ারের জলের মতই ক্ষণস্থায়ী।",general,অফিসের সিনিয়র ম্যানেজমেন্টের কৃপা পেয়ে অনিল অল্পদিনেই কোম্পানির শীর্ষ পদে আসীন হয়ে অহংকারে মেতে ওঠে। সে তার অধস্তন কর্মীদের সাথে দুর্ব্যবহার করতে শুরু করে এবং নিজের ক্ষমতার স্থায়ীত্ব নিয়ে অতিরিক্ত আত্মবিশ্বাসী হয়ে পড়ে। কিছুদিন পরে কোম্পানির মালিকানা বদল হলে নতুন নীতিমালার কারণে তাকে এক রাতেই পদ হারাতে হয়।
P396,নিজের কথা পাঁচ/সাত কাহন,অপরকে উপেক্ষা করে আত্মপ্রচার করে যাওয়া।,general,সহকর্মীদের সম্মিলিত প্রচেষ্টায় প্রকল্প সফল হলেও ম্যানেজার সভায় কেবল তার একক ভূমিকার ফিরিস্তি তুলে ধরেন। তিনি সবার অবদান আড়াল করে অতিরঞ্জিত সাফল্যের ফিরিস্তি দিতে ব্যস্ত থাকেন। এতে দলের অন্যদের মাঝে গভীর ক্ষোভ ও অবিশ্বাসের সৃষ্টি হয়।
P397,পাপের বোঝা বড় ভার,পাপ করলে মনের উপর অসহ্য চাপ পড়ে।,general,সহকর্মীর কাজের কৃতিত্ব নিজের নামে চালিয়ে দিয়ে অর্পণ সাহেব উচ্চপদ বাগিয়ে নিয়েছিলেন। কিন্তু প্রতিদিন অফিসে প্রবেশ করার সময় তার বুকের ভেতরে এক অজানা অপরাধবোধের পাহাড় জমতে থাকে। শেষ পর্যন্ত এই মানসিক যন্ত্রণায় টিকতে না পেরে তিনি নিজেই পদ থেকে ইস্তফা দিয়ে দেন।
P398,ফাঁপা কলসির আওয়াজ বড়,অজ্ঞানের জাহির বেশি; অন্তঃসারশূন্য ব্যক্তির বাগড়ম বেশি; যার কিছু নেই তার বাইরের শব্দ কিছু বেশি রকম।,general,"অফিসের বার্ষিক মূল্যায়নের আগে নতুন যোগদানকারী কর্মকর্তা রতন তার কাজের সাফল্যের কথা সব দপ্তরে চিৎকার করে প্রচার করতে শুরু করলেন। কিন্তু উচ্চপদস্থ কর্তারা তার কাজের মান যাচাই করে দেখলেন যে তার জমা দেওয়া প্রতিটি নথিতেই মারাত্মক ভুল ভরা রয়েছে। শেষ পর্যন্ত দেখা গেল তার পদোন্নতি তো হলোই না, বরং তার দায়িত্বের পরিধি আরও কমিয়ে দেওয়া হলো।"
P399,বুদ্ধি যার যশ তার,গায়ের জোর থেকে মেধার জোর বেশি।,general,"অফিসের সবাই যখন কাজের চাপে হিমশিম খাচ্ছিল, তখন অনীশ দীর্ঘমেয়াদী কাজের বাহুল্যের পরিবর্তে একটি নতুন অটোমেশন পদ্ধতি চালু করল। সে তার এই কৌশলগত উদ্ভাবন দিয়ে কোম্পানির উৎপাদন খরচ অর্ধেক কমিয়ে আনলো। ফলে ঊর্ধ্বতন কর্তৃপক্ষ তার শারীরিক পরিশ্রমের মূল্যায়ন না করে তার দূরদর্শী মেধার কারণেই তাকে সরাসরি প্রধান নির্বাহী পদে উন্নীত করলো।"
P400,ভরা নদী ছোটে না,জ্ঞানীব্যক্তি ভেবেচিন্তে ধীরেসুস্থে কাজ করে।,general,অফিসের বার্ষিক শীর্ষ পদটির জন্য জুনিয়রদের মধ্যে অস্থির প্রতিযোগিতা শুরু হয়েছিল। সিনিয়র ম্যানেজার অনির্বাণ কোনো তাড়াহুড়ো না করে অত্যন্ত ঠান্ডা মাথায় নিজের কাজের মান বজায় রাখলেন। শেষ পর্যন্ত তাঁর পরিপক্ব সিদ্ধান্ত ও নিখুঁত কাজের ফলেই ব্যবস্থাপনা পর্ষদ তাঁকে পদোন্নতির জন্য নির্বাচন করল।
P401,মন যেন জিলিপির পাক,অত্যন্ত কুটিল চরিত্রের লোক।,general,বার্ষিক পদোন্নতির ঠিক আগে সলিল সাহেব সবার সামনে বসের চরম প্রশংসা করে ভেতরে ভেতরে নিজের প্রতিদ্বন্দীর বিরুদ্ধে গোপন রিপোর্ট জমা দিলেন। ব্যবস্থাপনা কর্তৃপক্ষ সরল বিশ্বাসে তার চাটুকারিতায় গলে গিয়ে তাকেই উচ্চপদে বসালো। পরবর্তীতে সবাই টের পেলো যে তার মুখের মিষ্টি কথার আড়ালে সম্পূর্ণ এক জটিল ও স্বার্থপর চরিত্র লুকিয়ে ছিল।
P402,যেমন কর্ম তেমন ফল,"যে যেমন কাজ করে, সে তেমন ফল ভোগ করে; ভাল কাজ করলে ভাল ফল পাবে, খারাপ কাজ করলে খারাপ ফল পাবে",general,কোডিং করার সময় ডেভেলপার সাহেব কোডের মান যাচাই না করে তাড়াহুড়ো করে ক্লায়েন্টের কাছে সফটওয়্যার হস্তান্তর করেছিলেন। লাইভ সার্ভারে প্রজেক্টটি চালু হওয়ার সাথে সাথেই একের পর এক মারাত্মক ত্রুটি ধরা পড়তে শুরু করে। ক্লায়েন্ট ক্ষিপ্ত হয়ে সম্পূর্ণ পেমেন্ট আটকে দেয় এবং তার ফ্রিল্যান্সিং প্রোফাইলে নেতিবাচক রিভিউ যোগ করে।
P403,রক্তের টানে রক্তারক্তি,ভাইয়ে ভাইয়ে মারামারি লাগে,general,প্রতিষ্ঠানের পরিচালক পদে যাওয়ার জন্য দুই পুরোনো সহকর্মী তীব্র প্রতিযোগিতায় লিপ্ত হন। নিজেদের দীর্ঘদিনের সুসম্পর্ক ভুলে তারা একে অপরের বিরুদ্ধে গোপন নথি ফাঁসের খেলায় মেতে ওঠেন। শেষ পর্যন্ত এই অসুস্থ ইঁদুর দৌড়ে দুজনেই চাকরি হারিয়ে চরম বিপাকে পড়েন।
P404,লাখ কথার এককথা,অত্যন্ত মূল্যবান কথা; অনেক যুক্তিতর্কের পর উপনীত সিদ্ধান্ত।,general,বার্ষিক মূল্যায়নের বৈঠকে বিভিন্ন বিভাগের দীর্ঘ উপস্থাপনা ও তর্কবিতর্ক চললেও কোনো সুনির্দিষ্ট সমাধান মিলছিল না। তখন মানবসম্পদ বিভাগের প্রধান সংক্ষেপে পুরো সমস্যার মূল কারণটি চিহ্নিত করে একটি চূড়ান্ত দিকনির্দেশনা দিলেন। তার এই স্বল্পভাষী কিন্তু অত্যন্ত গুরুত্বপূর্ণ মূল্যায়নেই কোম্পানির পরবর্তী কর্মপরিকল্পনা সফলভাবে নির্ধারিত হলো।
P405,শুয়োর বড় হলেও হাতি হয়না,আপন প্রকৃতিকে অতিক্রম করার সাধ্য কারো নেই।,general,অফিসের একজন নিম্নপদস্থ কর্মচারী হঠাৎ করেই নিজেকে বড় কোনো ব্যবস্থাপক হিসেবে জাহির করতে শুরু করল। সে সহকর্মীদের ওপর অযথা কর্তৃত্ব ফলাতে এবং মিথ্যা অভিজ্ঞতা দেখিয়ে ওপরের পদে যাওয়ার চেষ্টা চালাল। কিন্তু কাজের বেলায় তার অযোগ্যতা প্রকাশ পাওয়ায় শেষ পর্যন্ত সে আগের জায়গাতেই থেকে গেল।
P406,ষেটের বাছা ষষ্টীদাস,সু-অর্থে মাষষ্টীর অনুগৃহীত পুরুষ; কু-অর্থে- অপদার্থ ব্যক্তি।,general,"অফিসের সিনিয়র ম্যানেজার কোনো কাজের যোগ্য লোক না পেয়ে অদক্ষ এক সহকর্মীকে হঠাৎ গুরুত্বপূর্ণ প্রকল্পের প্রধান বানিয়ে দিলেন। সবাই ভেবেছিল সে হয়তো বরাবরের মতো এবারও কোম্পানিকে ডুবিয়ে ছাড়বে। কিন্তু কিসের কি, হঠাৎ করেই তার ভাগ্য এমন এক মোড় নিল যে সে সফল হয়ে বসের নয়নের মণি বনে গেল।"
P407,সামনে দিয়ে মশা/মাছি গলে না পিছন দিয়ে হাতী গলে,নিয়ম যতই কড়া হোক-না-কেন নিয়মের কিছু ফাঁক থেকে যায়।,general,প্রতিষ্ঠানের ঊর্ধ্বতন কর্তৃপক্ষ উপস্থিতি এবং ছোটখাটো ভুলত্রুটি ধরতে বায়োমেট্রিক পাঞ্চের মতো কঠোর নজরদারি চালু করল। সাধারণ কর্মীরা সামান্য দেরির জন্য শোকজ পেলেও শীর্ষ কর্মকর্তাদের আত্মীয়রা কর্মঘণ্টা না মেনেই বড় পদের দায়িত্ব পেল। ফলে নিয়মের বেড়াজাল কেবল নিচুতলার কর্মীদের জন্যই গলার ফাঁস হয়ে রইল।
P408,হাতি মরলেও লাখ টাকা,মহার্ঘ বস্তু সবসময় মহার্ঘ থাকে।,general,প্রতিষ্ঠানের মূল মেধাবী কর্মকর্তাটি নতুন চাকরিতে চলে যাওয়ার পরেও তার তৈরি করা ডাটাবেজ মডেলটি পুরো প্রজেক্টের ত্রুটি দূর করল। শীর্ষ কর্তারা বুঝতে পারলেন যে পুরনো হলেও এই দক্ষ কর্মীর তৈরি আর্কিটেকচারটি এখনো অমূল্য। শেষ পর্যন্ত নতুনদের বাদ দিয়ে ওই পুরনো সিস্টেমটির ওপর নির্ভর করেই ডিরেক্টর মহোদয় পুরো পরিকল্পনা সফল করলেন।
P409,অন্ধকার রাত্রির পরেই ঊষার আগমন,কখনো নিরাশ হ’তে নেই; সুসময়ের অপেক্ষায় থাকতে হয়।,general,অফিসের একের পর এক ব্যর্থ প্রজেক্টে আমার নাম আসায় ঊর্ধ্বতন কর্তৃপক্ষ আমার ওপর চরম বিরক্ত ছিলেন। আমি হতাশ না হয়ে ভুলগুলো শুধরে নতুন দায়িত্ব কাঁধে তুলে নিলাম। অবশেষে আমার নিষ্ঠা দেখে বস নিজেই আমার বেতন বৃদ্ধি ও বড় পদের ঘোষণা দিলেন।
P410,আপনি খেতে ভাত পায় না শঙ্করাকে ডাকে,অন্যের দয়ায় বেঁচে থেকে অন্যকে সাহায্য করার চেষ্টা; নিজের আয় দিয়া নিজে চলিতে পারে না; অথচ অন্যের জন্য খরচ করে; আহাম্মকের রকম-ফের।,general,মাসিক বেতনের পুরোটা দিয়ে নিজের বাসাভাড়া ও ঋণের কিস্তি শোধ করা কঠিন হয়ে দাঁড়িয়েছে। অথচ অফিসের নতুন জুনিয়র কর্মীদের ব্যক্তিগত খরচে কফি ট্রিট দেওয়ার ঘোষণা দিল সে। মাস শেষে নিজের পকেট শূন্য হয়ে চরম আর্থিক সংকটে পড়তে হলো তাকে।
P411,ইঁচোড়ে পাকা,অকালপক্ক; ইঁচোড়ে পাকা কাঁঠালের স্বাদ-গন্ধ কিছু থাকে না; সেইরকম অকালপক্ক ছেলের বিজ্ঞের মত কথাবার্তা বিস্বাদ বিসদৃশ লাগে।,general,"অফিসে নতুন যোগ দিয়েই সুমিত সিনিয়র ম্যানেজারদের কাজের ওপর অযাচিত উপদেশ দেওয়া শুরু করল। সে কোনো বাস্তব অভিজ্ঞতা ছাড়াই নিজের বুদ্ধিমত্তার বড়াই করে সবার সামনে বড় বড় পলিসি বক্তৃতা দিতে লাগল। ফলস্বরূপ, তার এই অপরিণত ও বাড়াবাড়ি আচরণে বিরক্ত হয়ে বস তাকে গুরুত্বপূর্ণ প্রজেক্ট থেকে বাদ দিলেন।"
P412,উজাড় (শূন্য) বনে শিয়াল রাজা,যেখানে বাধা দেবার কেউ নেই সেখানে সাধারণলোকও কর্তৃত্ব করে।,general,প্রতিষ্ঠানের মূল শাখা থেকে অভিজ্ঞ ঊর্ধ্বতন কর্মকর্তারা সবাই একসঙ্গে অন্য প্রকল্পে বদলি হয়ে যান। এই সুযোগে অফিসের সবচেয়ে জুনিয়র কর্মীটি সমস্ত ক্ষমতার একচ্ছত্র অধিকারী হয়ে বসেন। অথচ কাজের তেমন কোনো গভীর জ্ঞান না থাকলেও তার মুখের ওপর কথা বলার মতো অফিসে কেউ অবশিষ্ট থাকে না।
P413,এক ঔর এক গ্যারহ হতে হৈঁ- হিন্দি প্রবাদ,সংগঠনে শক্তি বাড়ে; সকলে মিলে কাজ করলে কাজ সহজ হয়,general,বার্ষিক লক্ষ্য অর্জনের প্রচণ্ড চাপে পুরো বিপণন বিভাগ দিশেহারা হয়ে পড়েছিল। দলের সবাই মিলে কাজের সুনির্দিষ্ট ভাগ করে নিয়ে রাতদিন পরিশ্রম করতে শুরু করল। এর ফলে নির্ধারিত সময়ের আগেই টার্গেট পূরণ হলো এবং পুরো দল একসঙ্গে পদোন্নতি পেল।
P414,ওষুধ ধরেছে,কাজের কাজ হয়েছে; প্রতিক্রিয়া শুরু হয়েছে।,general,বিগত ছয় মাস ধরে বিপণন বিভাগের নতুন কৌশলগুলো কাঙ্ক্ষিত ফল দিচ্ছিল না। পরিচালক মহোদয় শেষ পর্যন্ত নতুন ডিজিটাল ক্যাম্পেইনের অনুমোদন দিয়ে কাজের গতি বাড়িয়ে দেন। এতে গত সপ্তাহের বিক্রির লক্ষ্যমাত্রা ছাড়িয়ে যাওয়ায় ঊর্ধ্বতন কর্মকর্তারা বেশ সন্তুষ্ট হয়েছেন।
P415,কথার কথা কাজের নহে,বাজে কথার মূল্য নেই।,general,ডেভেলপার রনি ক্লায়েন্টকে বারবার আশ্বস্ত করেছিল যে কোডিংয়ের সমস্ত ত্রুটি নিমিষেই দূর করা সম্ভব। কিন্তু নির্দিষ্ট সময়সীমা পার হয়ে গেলেও সে সফটওয়্যারের প্রধান বাগগুলো ঠিক করতে ব্যর্থ হলো। এর ফলে ক্লায়েন্ট তার অর্ডার বাতিল করে পুরো চুক্তিটি অন্য দক্ষ ফ্রিল্যান্সারকে দিয়ে দিল।
P416,খঞ্জনের নাচ দেখে চড়ুইয়ের নাচ,"অক্ষমের উচ্চাশা, অনুকরণপ্রিয়তা; উৎকৃষ্টকে অনুকরণ করে নিকৃষ্টের হাস্যাস্পদ হওয়া।",general,মাত্র দুই দিন আগে কোডিং শেখা এক ফ্রিল্যান্সার বিশ্বখ্যাত সফটওয়্যার আর্কিটেক্টদের মতো অত্যন্ত জটিল ও ভারী একটি সিস্টেম ডিজাইন প্রজেক্ট একা হাতে নেওয়ার অবাস্তব ঝুঁকি নিল। সে গদবাঁধা কিছু কোড কপি-পেস্ট করে মেইন সার্ভারে আপলোড করতেই মুহূর্তের মধ্যে পুরো ডেটাবেস ক্র্যাশ করে গেল। ক্লায়েন্ট তখন রাগে তার অ্যাকাউন্ট চিরতরে টার্মিনেট করে দিল এবং অনলাইনে তাকে নিয়ে চরম উপহাস শুরু হলো।
P417,গোড়া কেটে আগায় জল/পানি দেওয়া,দোষ শুধরানোর চেষ্টা; কারো সর্বনাশ করে সামান্য উপকার করতে যাওয়া।,general,"প্রতিষ্ঠানের মূল উৎপাদন ব্যবস্থাপনায় দীর্ঘমেয়াদি ত্রুটি থাকার কারণে প্রজেক্টটি বারবার ব্যর্থ হচ্ছিল। ঊর্ধ্বতন কতৃপক্ষ তা সমাধান না করে কেবল শেষের দিকে কিছু শোভাবর্ধক পরিবর্তন আনতে নির্দেশ দিল। ফলস্বরূপ, পুরো কাজটি আরও বেশি ভণ্ডুল হয়ে গেল এবং বড় ধরনের আর্থিক ক্ষতি সাধিত হলো।"
P418,"ঘরও ঢোকে, পাও কাঁপে",লোভও সম্বরণ করতে পারে না আবার ভয়ও পায়।,general,অফিসে নতুন উচ্চ পদের জন্য আবেদন করার সুযোগ এলেও সোহেল ভাইয়ের মনে চরম দ্বিধা কাজ করছিল। তিনি অতিরিক্ত দায়িত্ব নেওয়ার লোভ সামলাতে না পেরে অবশেষে ফরম জমা দিলেন। কিন্তু ম্যানেজারের মুখোমুখি হওয়ার ভয়ে সারাক্ষণ তার বুক কেঁপে উঠছিল।
P419,চালের কি দর? না মামার ভাতে আছি,খায় দায় ফূর্তি করে বেড়ায় সংসারে কোথায় কী হচ্ছে তার খবর রাখে না এমন দ্বায়িত্বজ্ঞানহীন ব্যক্তির প্রতি ব্যঙ্গোক্তি।,general,"অফিসের বাকি কর্মীরা যখন প্রকল্প শেষ করতে রাতদিন পরিশ্রম করছে, তখন সে কোনো তোয়াক্কা না করে শুধু ছুটির ফুর্তিতে মত্ত থাকে। কোম্পানির বার্ষিক মূল্যায়নের সময় সে নিজের কাজের কোনো হিসাব দেখাতে ব্যর্থ হয়। ফলস্বরূপ, জুনিয়র কর্মীরা পদোন্নতি পেলেও সে বছরের পর বছর একই পদে পড়ে থাকে।"
P420,ছাতার বলে গাঁ আমার,"নিকৃষ্টের অন্যায্য দাবী; (উৎস- ছাতার, পাখিদের মধ্যে নিকৃষ্ট বলে বিবেচিত)।",general,প্রজেক্টের কোডিংয়ে বড় ধরনের গলদ রেখে এক নতুন প্রোগ্রামার ক্লায়েন্টের কাছে নিজেকে সেরা ডেভেলপার হিসেবে জাহির করতে লাগল। সে এমন সব জটিল শর্ত জুড়ে দিল যা ওই সফটওয়্যারের কাঠামোর সম্পূর্ণ বাইরে ছিল। শেষ পর্যন্ত তার ভুল কোডের কারণে পুরো সিস্টেম ক্র্যাশ করে গেল।
P421,জল নেড়ে জোঁকের বল বোঝা,জল নাড়লে বোঝা যায় জলে জোঁক আছে কিনা; কথার আভাসে অন্যের মনোভাব বোঝা,general,অফিসের সিনিয়র ম্যানেজার হঠাৎ করেই জুনিয়র কর্মীদের ওপর একটি কঠিন প্রজেক্টের বাড়তি চাপ সৃষ্টি করলেন। কে কেমন প্রতিক্রিয়া দেখায় তা দেখার জন্য তিনি এই কৌশল নিয়েছিলেন। এই পরীক্ষার মাধ্যমে মুহূর্তেই সবার ভেতরের আসল মনোভাব ও কর্মদক্ষতা স্পষ্ট হয়ে গেল।
P422,"ঝাঁজরি বলে খৈ-চালা, তুই বেজায় ফোঁড়ওয়ালা",নিজের দোষ নজরে পড়ে না; পরের দোষে তীক্ষ্ণদৃষ্টি,general,অনন্যা নিজেই গত তিন মাস ধরে নিজের প্রজেক্টের রিপোর্ট তৈরিতে মারাত্মক সব দেরি করছে এবং ছোটখাটো ভুল রেখে দিচ্ছে। কিন্তু সহকর্মী সাকলায়েন সামান্য একটা ইমেইল টাইপিং ভুল করায় সে ম্যানেজমেন্টের কাছে চরম নালিশ জানিয়ে বসল। শেষ পর্যন্ত তার এই দ্বিচারিতা দেখে বস নিজেই তার কাজের মান নিয়ে প্রশ্ন তুললেন।
P423,টাকা দিলে কাঠের পুতুলও হাঁ করে,অর্থ অসম্ভবকে সম্ভব করতে পারে।,general,অফিসের জ্যেষ্ঠ পদে পদোন্নতির ক্ষেত্রে দীর্ঘদিন ধরে মারুফ সাহেবের কাজের মূল্যায়ন হচ্ছিল না। পরবর্তীতে তিনি ঊর্ধ্বতন কর্তৃপক্ষকে বড় অংকের উপহার এবং গোপন সুবিধা প্রদান করলেন। ফলে এক সপ্তাহের মধ্যেই তার নাম পদোন্নতির তালিকার শীর্ষে চলে এলো।
P424,ঠাণ্ডা মাথায় বুদ্ধি খোলে,মাথা গরম হলে বুদ্ধি গুলিয়ে যায়।,general,বার্ষিক মূল্যায়নের মিটিংয়ে ক্লায়েন্টের হঠাৎ অসন্তোষ দেখে সায়ন রাগে ফেটে পড়তে উদ্যত হয়েছিল। কিন্তু মুহূর্তের উত্তেজনা সংবরণ করে সে অত্যন্ত সংযত ভঙ্গিতে বিকল্প সমাধানের রূপরেখা তুলে ধরল। তার এমন পরিপক্ব আচরণে ঊর্ধ্বতন কর্তৃপক্ষ মুগ্ধ হয়ে তাকে পদোন্নতির তালিকায় যুক্ত করলেন।
P425,"ডেকে ডেকে খনা গান, দোগে ধান ছায় পান- খনা",রৌদ্রপূর্ণ জমিতে ধান এবং ছারাপূর্ণ জমিতে পান চাস করতে হওয়; তাতেই বেশি ফসল পাওয়া যায়।,general,অফিসের রুটিন কাজের বাইরে গিয়ে নিজের দক্ষতা প্রমাণ করতে না পারলে উচ্চপদে পৌঁছানো অসম্ভব। তাই কর্মক্ষেত্রে নিজের কমফোর্ট জোন ছেড়ে এমন নতুন চ্যালেঞ্জ গ্রহণ করতে হবে যা ভবিষ্যৎ ক্যারিয়ারের ভিত্তি মজবুত করে। সঠিক দায়িত্ব পালনের মাধ্যমেই একজন কর্মী কাঙ্ক্ষিত লক্ষ্য অর্জন করতে পারেন।
P426,ঢেঁকি ভজে স্বর্গে যাওয়া,নিস্ফল প্রচেষ্টায় মোক্ষ নেই।,general,"অফিসের অযোগ্য একজন ঊর্ধ্বতন কর্মকর্তার অন্ধ তোষামোদ করে পদোন্নতি পাওয়ার আশা করছিলেন রফিক সাহেব। তিনি বছরের পর বছর কোনো কার্যকারিতা ছাড়াই অতিরিক্ত তেলতেলে আচরণ চালিয়ে গেলেন। কিন্তু শেষ পর্যন্ত কোম্পানির পদোন্নতির তালিকায় তার নাম তো এলই না, বরং তার এই অপচেষ্টার জন্য সহকর্মীদের কাছে উপহাসের পাত্র হলেন।"
P427,"তুফানে ছেড়ো না হাল, নৌকা হবে বানচাল","বিপদের সময় ভয় পেতে নেই; শক্ত হাতে হাল ধরতে হয়, নতুবা বিপদের মাত্রা বেড়ে যেতে পারে।",general,বার্ষিক মূল্যায়নের ঠিক আগে প্রতিষ্ঠানের প্রধান প্রকল্পটিতে হঠাৎ মারাত্মক ত্রুটি ধরা পড়ায় পুরো দল দিশেহারা হয়ে পড়েছিল। এই চরম সংকটে ঘাবড়ে না গিয়ে তিনি অত্যন্ত ঠান্ডা মাথায় রাত জেগে ত্রুটিগুলো সংশোধন করতে শুরু করেন। শেষ পর্যন্ত তার এই সাহসিকতা ও দক্ষতার কারণে কোম্পানি বড় ধরনের ক্ষতি থেকে বেঁচে যায় এবং তিনি কাঙ্ক্ষিত পদোন্নতি লাভ করেন।
P428,দেখেছি রূপসাগরে মনের মানুষ কাঁচা সোনা- বাউলগীতি,"প্রকৃতপক্ষে সুন্দর"" মানুষদের একটা আলাদা জগত",general,"অফিসের সবাই যখন ঊর্ধ্বতন কর্মকর্তাদের মন জয় করতে ব্যস্ত, তখন অনির্বাণ নিজের কাজে সম্পূর্ণ নিমগ্ন ছিল। সে কারো তোষামোদ না করে কেবল নিখুঁত ও মানসম্মত প্রেজেন্টেশন জমা দিত। শেষ পর্যন্ত ম্যানেজমেন্ট তার ব্যতিক্রমী কর্মদক্ষতা মূল্যায়ন করে তাকেই প্রধান হিসেবে নির্বাচিত করল।"
P429,"ধনে অহঙ্কার নয়, মনে অহঙ্কার১","ধনের অহঙ্কার আসল অহঙ্কার নয়, মনের অহঙ্কারই হল আসল অহঙ্কার।",general,"অফিসে নতুন পদোন্নতি পাওয়ার পর থেকেই সমীর তার জুনিয়র সহকর্মীদের সাথে অত্যন্ত রূঢ় আচরণ করতে শুরু করল। সে ভুলে গেল যে পদের ক্ষমতা ক্ষণস্থায়ী এবং মানুষের সাথে করা ভালো ব্যবহারই আসল পরিচয়। ফলস্বরূপ, পুরো টিম তার বিরুদ্ধে উচ্চপদস্থ কর্তপক্ষের কাছে লিখিত অভিযোগ দায়ের করল।"
P430,ন চলতি খলু বাক্যং সাধুনাং কদাচিৎ,সাধুদের বাক্যের কখনো অন্যথা হয় না।,general,অফিসের ঊর্ধ্বতন কর্মকর্তা সুমিত বাবু টিম মিটিংয়ে প্রতিশ্রুতি দিয়েছিলেন যে কঠোর পরিশ্রমী কর্মীদেরই এবার পদোন্নতি দেওয়া হবে। বছর শেষে মূল্যায়নের সময় তিনি তাঁর সেই কথামতোই সবচেয়ে যোগ্য কর্মীকে পদোন্নতি প্রদান করলেন। এতে প্রমাণ হলো যে দায়িত্বশীল মানুষের দেওয়া প্রতিশ্রুতি কখনো মিথ্যা হয় না।
P431,পাপের লেশ সুখের শেষ,বিন্দুমাত্র পাপ সঞ্চিত হলেই সুখ অন্তর্হিত হয়।,general,অফিসে সহকর্মীর ফাইল থেকে গোপনে আইডিয়া চুরি করে মিতুল নিজের নামে জমা দিল। এই অনৈতিক উপায়ে সে সহজেই ম্যানেজারের বাহবা ও কাঙ্ক্ষিত পদোন্নতি বাগিয়ে নিল। কিন্তু কিছুদিন পরেই এই জালিয়াতির কথা ফাঁস হয়ে যাওয়ায় তার সমস্ত অর্জন মুহূর্তেই ধূলিসাৎ হয়ে গেল।
P432,ফর্সা কাপড়ে মান বাড়ে,পোষাক-পরিচ্ছদ পরিচ্ছন্ন হলে সবার মাঝে গ্রহণযোগ্যতা বৃদ্ধি পায়।,general,বার্ষিক মূল্যায়নের ঠিক আগে অর্ণব তার পুরনো ও অগোছালো উপস্থাপনাগুলোকে সম্পূর্ণ নতুন রূপ দিল। সে সমস্ত ভুলত্রুটি শুধরে তথ্যগুলোকে অত্যন্ত পরিপাটি ও সুন্দরভাবে সাজিয়ে ম্যানেজারের সামনে পেশ করল। তার এই পেশাদারিত্বের ছাপ দেখে ঊর্ধ্বতন কর্তৃপক্ষ মুগ্ধ হয়ে তাকে সিনিয়র প্রজেক্ট ম্যানেজার পদে উন্নীত করলেন।
P433,"বললাম কথা সবার মাঝে, যার কথা তার গায়ে বাজে",ইঙ্গিতে কাউকে দোষী বলে চিহ্নিত করা।,general,দোকানদারদের সমিতির সভায় সভাপতি ঘোষণা করলেন যে কিছু অসাধু ব্যবসায়ী বাকিতে মাল নিয়ে সময়মতো পরিশোধ না করে বাজারের সুনাম ক্ষুণ্ন করছে। তিনি কোনো নির্দিষ্ট ব্যক্তির নাম উচ্চারণ করলেন না কিন্তু উপস্থিত এক প্রভাবশালী মহাজন এই সমালোচনায় দারুণভাবে ক্ষুব্ধ হলেন। তিনি বুঝতে পারলেন এই তির্যক মন্তব্যটি আদতে তার দীর্ঘদিনের ঋণখেলাপী স্বভাবের দিকেই আঙুল তুলছে।
P434,ভাঙ্গাঘরে বাস ভাবনা বারো মাস,অর্থের টানাটানিতে সবসময়ে মনোকষ্ট থাকে।,general,অফিসে নতুন পদোন্নতি পাওয়ার জন্য সবাই মরিয়া হয়ে দৌড়ালেও সাকিবের পকেটে পর্যাপ্ত সঞ্চয় না থাকায় তার দুশ্চিন্তার অন্ত নেই। সে অতিরিক্ত কাজের চাপ ও অনিশ্চিত বেতনের কারণে প্রতিদিন চরম মানসিক যন্ত্রণায় ভোগে। এই আর্থিক সংকটের কারণে তার মন সবসময় বিক্ষিপ্ত থাকে এবং কোনো কাজেই সে ঠিকমতো মনোযোগ দিতে পারে না।
P435,মনকে চোখ ঠারা,বিবেককে ধোঁকা দেওয়া; জেনেবুঝে দোষ করে বাজে অছিলায় মনকে প্রবোধ দেওয়া।,general,সহকর্মীর গুরুত্বপূর্ণ প্রজেক্টের ফাইল নিজের নামে চালিয়ে দিয়ে সে উচ্চপদস্থ কর্মকর্তার কাছে বাহবা কুড়াল। পরবর্তীতে নিজের ভেতরের তাড়না ঢাকতে সে নিজেকে বোঝাল যে তীব্র প্রতিযোগিতার বাজারে এই কৌশল না নিলে টিকে থাকা অসম্ভব। অথচ সে ভালোভাবেই জানত যে এই অনৈতিক পদোন্নতি তার ভেতরের সততাকে চিরতরে হত্যা করেছে।
P436,যেমন ক্ষেপা তেমনি ক্ষেপি,দুজনেই বদমেজাজী।,general,"অফিসের সিনিয়র ম্যানেজার এবং নতুন টিম লিড উভয়েই অত্যন্ত উগ্র মেজাজের মানুষ ছিলেন। কোনো একটি ছোট ভুল নিয়ে তারা মিটিংয়ে একে অপরের ওপর চিল চিৎকার শুরু করেন। ফলস্বরূপ, পুরো ডিপার্টমেন্টের কাজের পরিবেশ নষ্ট হয়ে যায় এবং কোনো প্রজেক্টই সময়মতো শেষ হয়নি।"
P437,রাঙতাই গরীবের গহনা/সোনা,গরীব অল্পেই তুষ্ট।,general,বার্ষিক মূল্যায়নে বড় পদোন্নতি বা কাঙ্ক্ষিত ইনক্রিমেন্ট না পেলেও সিনিয়ররা তাকে একটি সাধারণ প্রশংসাপত্র ধরিয়ে দিলেন। সে কোনো অসন্তোষ প্রকাশ না করে হাসিমুখে সেই স্বীকৃতিটিকেই নিজের কাজের বড় প্রাপ্তি হিসেবে মেনে নিল। তার এই অল্পে সন্তুষ্ট থাকার মানসিকতা দেখে ঊর্ধ্বতন কর্তৃপক্ষ ভবিষ্যতে তাকে আরও দায়িত্বশীল পদে বিবেচনা করার সিদ্ধান্ত নিলেন।
P438,লাঠির আগে ভূত ভাগে,লাঠির আঘাতকে সবাই ভয় করে; মূর্খস্য লাঠ্যৌষধি।,general,ক্লায়েন্ট দীর্ঘদিন ধরে সফটওয়্যারের ছোটখাটো ত্রুটিগুলো বারবার বলার পরেও কোনো কর্ণপাত করছিল না। ডেভেলপার দল শেষ পর্যন্ত সম্পূর্ণ পেমেন্ট আটকে দিয়ে চুক্তি বাতিলের চূড়ান্ত নোটিশ পাঠিয়ে দিল। এই কঠোর পদক্ষেপে টনক নড়ল এবং মাত্র একদিনের মধ্যে সমস্ত বাগ ঠিক করে ফেলা হলো।
P439,শুয়োরের কপালে সিঁদুর লাগে না,মন্দলোক কখনো ভালো হয় না।,general,অফিসের সিনিয়র ম্যানেজার দীর্ঘদিন ধরে সহকর্মীদের সাথে প্রতারণা করে এবং নিজের অযোগ্যতা ঢাকতে অন্যের কৃতিত্ব চুরি করে। উচ্চপদস্থ কর্তারা তাকে শুধরে যাওয়ার সুযোগ দিয়ে একটি বড় প্রকল্পের দায়িত্ব দেন। কিন্তু সে বরাবরের মতো দুর্নীতি করে ধরা পড়ে এবং চাকরি হারায়।
P440,ষোল আনা উসুল/লাভ,পুরোটাই আদায়/লাভ।,general,বার্ষিক মূল্যায়নে সিনিয়র ম্যানেজার তার দীর্ঘদিনের বকেয়া ইনসেন্টিভ ও নতুন পদের দায়িত্ব একসাথে পাওয়ার জন্য জোরালো আবেদন করেন। ঊর্ধ্বতন কর্তৃপক্ষ তার বিগত বছরের সব লক্ষ্যমাত্রা শতভাগ অর্জিত হওয়ায় তাকে কাঙ্ক্ষিত পদোন্নতি এবং পুরো পাওনা এককালীন বুঝিয়ে দেন। এর ফলে তার বহুদিনের হতাশা দূর হয়ে পেশাগত জীবনের পুরো প্রাপ্য অর্জিত হয়।
P441,সংসার আনন্দময়; যার মনে যা লয়,"সুখদুঃখে জড়িয়ে জীবন; এর মধ্যেই আনন্দ খুঁজে নিতে হয়; যার মনে আনন্দ আছে, সে আনন্দ খুঁজে পায়; যার মনে দুঃখ আছে, সে দুঃখে ডুবে থাকে।",general,অফিসের বার্ষিক মূল্যায়নে অনেক কর্মী কাঙ্ক্ষিত পদোন্নতি না পেয়ে হতাশায় নিমজ্জিত হন। কেউ কেউ এই ব্যর্থতাকে জীবনের শেষ ধরে নিয়ে কর্মস্পৃহা হারিয়ে ফেলেন। আবার দূরদর্শী কিছু কর্মী এই পরিস্থিতিকে নতুন দক্ষতা অর্জনের সুযোগ হিসেবে গ্রহণ করে সাফল্যের শীর্ষে পৌঁছান।
P442,হাতির দর্প চূর্ণ পাহাড়ের কাছে,প্রবল পরাজিত হয় প্রবলতরের কাছে; বাপেরও বাপ আছে।,general,অফিসের সবচেয়ে প্রভাবশালী ও দুর্নীতিবাজ ম্যানেজার সবাইকে নিজের ইচ্ছামতো চালাতেন এবং কেউ তার অন্যায়ের প্রতিবাদ করার সাহস পেত না। কিন্তু কোম্পানির নতুন শীর্ষ পরিচালক যোগ দিয়েই তার সব অনৈতিক কর্মকাণ্ড ধরে ফেলেন। ফলে ওই অহংকারী কর্মকর্তার চাকরি চলে যায় এবং সবাই বুঝতে পারে ক্ষমতারও উপরে অন্য ক্ষমতা থাকে।
P443,অন্ধের কিবা রাত্রি কিবা দিন,অন্ধের কাছে দিনরাত্রি কোন প্রভেদ নেই- দুই সমান; অভাগার বাছবিচার করা বাতুলতা।,general,অদক্ষ কোডিং এবং দুর্বল সিস্টেম আর্কিটেকচারের কারণে প্রজেক্টের সার্ভারটি প্রতি ঘণ্টায় ক্র্যাশ করতে শুরু করল। ক্লায়েন্ট আগে থেকেই কাজের মান নিয়ে চরম অসন্তুষ্ট ছিল এবং শেষ মুহূর্তে অর্থ পরিশোধ না করার সিদ্ধান্ত নিয়েছিল। এই পরিস্থিতিতে নতুন করে কোনো বাগ ফিক্স করার চেষ্টা করা আর সময়ের অপচয় ছাড়া আর কিছুই ছিল না।
P444,"আম পাকলে মিঠা, মানুষ পাকলে তিতা","পরিণত-বুদ্ধি হলে মানুষ স্বার্থান্বেষী হয়, নিজের ভালো ও পরের মন্দ খোঁজে।",general,অফিসের জুনিয়র কর্মীরা শুরুর দিকে খুব হাসিমুখে সবার সব কাজ করে দিতো। কিন্তু কয়েক বছর অভিজ্ঞতা অর্জনের পর তারা পদোন্নতি পেয়ে অফিসের বাকিদের কোণঠাসা করা শুরু করল। শেষ পর্যন্ত তাদের কূটকৌশলে অনেক পুরোনো কর্মী চাকরি ছাড়তে বাধ্য হলো।
P445,ইট পড়লে পাটকেলও পড়ে,অন্যের ক্ষতি করলে নিজেরও ক্ষতি হয়; কারো সাথে দুর্ব্যবহার করলে বিনিময়ে দুর্ব্যবহার পেতে হয়,general,অফিসে সহকর্মীর বিরুদ্ধে মিথ্যা অভিযোগ তুলে তার পদোন্নতি আটকে দিয়েছিলেন সায়ন। কিছুদিন পর ঊর্ধ্বতন কর্তৃপক্ষ তার নিজের অতীতের অনেক গোপন অনিয়ম খুঁজে বের করে। ফলে তার নিজের চাকরিটাই আজ চরম অনিশ্চয়তার মুখে পড়েছে।
P446,উৎপাতের কড়ি চিৎপাতে যায়,অসদুপায়ে অর্জিত অর্থ বাজেভাবে খরচ হয়।,general,সহকর্মীদের মিথ্যা তথ্য দিয়ে কৌশলে পদোন্নতি বাগিয়ে নিয়েছিলেন রোহিত। কিন্তু নতুন বড় দায়িত্ব পাওয়ার পর নিজের অদক্ষতার কারণে বড় ভুল করে বসেন তিনি। শেষ পর্যন্ত সেই ভুল ধরা পড়ায় চাকরি হারাতে হয় তাকে।
P447,এক কোপে বটগাছকে ফেলা যায় না,বৃহৎকে সহজে কাবু করা যায় না।,general,প্রতিষ্ঠানের শীর্ষ ব্যবস্থাপনার পদে পৌঁছাতে হলে অল্প সময়ে অলৌকিক কিছু করা সম্ভব নয়। নিয়মিত কঠোর পরিশ্রম এবং দীর্ঘমেয়াদি পরিকল্পনা নিয়ে প্রতিটি ধাপ অতিক্রম করতে হয়। এর ফলে ধীরে ধীরে কাঙ্ক্ষিত নেতৃত্বের আসনে পৌঁছানো সফলভাবে সম্ভব হয়।
P448,কথার গুণে বার্তা নষ্ট,বাকচাতুর্যে আসল কথা হারিয়ে যায়; বাক্যদোষে ঈপ্সিত ফললাভ হয় না।,general,"বার্ষিক মূল্যায়নের সময় অনির্বাণ তার কাজের আসল অর্জনগুলো তুলে ধরার পরিবর্তে জটিল সব ইংরেজি পরিভাষা ব্যবহার করে বড়াই করতে শুরু করল। তার এই অতিরিক্ত বাগাড়ম্বরের কারণে ঊর্ধ্বতন কর্তৃপক্ষ বিরক্ত হয়ে তার মূল দায়িত্বের প্রতি আস্থা হারিয়ে ফেলল। ফলস্বরূপ, যোগ্য হওয়া সত্ত্বেও সে কাঙ্ক্ষিত উচ্চপদটি পেল না।"
P449,"খনা ডেকে বলে যান, রোদে ধান ছায়ায় পান","আলোতে ধান এবং ছায়াতে পানের চাষ করতে হয়। (শস্যগণনা, চাষ করার সময়নির্ণয়)",general,অফিসের বার্ষিক মূল্যায়নে ভালো ফল করতে হলে সঠিক সময় ও কাজের ধরন বুঝে এগোতে হয়। তাই সোহেল রুটিনমাফিক দীর্ঘমেয়াদী প্রকল্পগুলোতে নিজের সর্বোচ্চ মনোযোগ নিবেশ করল এবং রুটিন কাজের দায়িত্ব সহকর্মীদের মধ্যে সুচারুভাবে ভাগ করে দিল। এর ফলে ব্যবস্থাপকের নজর কাড়তে পেরে সে কাঙ্ক্ষিত পদোন্নতি অর্জন করল।
P450,গঙ্গাজলে ধুলেও কলঙ্ক যায় না,কলঙ্ক যাবার নয়; মরার আগে কলঙ্ক মোছে না।,general,বিগত বছরে বার্ষিক মূল্যায়নের সময় সোহেল একটি বড় আর্থিক জালিয়াতি করে ফেলছিল যা পরে ধামাচাপা পড়ে যায়। যদিও সে বর্তমানে কঠোর পরিশ্রম করে নিজের ভাবমূর্তি ফেরানোর চেষ্টা করছে এবং ঊর্ধ্বতন কর্মকর্তাদের মন জয় করেছে। কিন্তু কোম্পানির পুরনো কর্মচারীরা আজও তার অতীত ভুলের কথা ভোলেনি এবং সুযোগ পেলেই তার সততা নিয়ে প্রশ্ন তোলে।
P451,ঘরচোরকে পেরে ওঠা দায়,নিজের লোক অনিষ্টকারী হলে সেই অনিষ্ট রোখা কঠিন।,general,বার্ষিক পদোন্নতির দৌড়ে এগিয়ে যাওয়ার জন্য রিয়াদ তার দলের অন্যতম বিশ্বস্ত সহকর্মীকে সমস্ত গোপন কৌশল শিখিয়ে দিয়েছিল। কিন্তু সেই সহকর্মী গোপনে ঊর্ধ্বতন কর্তৃপক্ষের কাছে রিয়াদের ভুলত্রুটিগুলো বাড়িয়ে শুনিয়ে নিজের পথ পরিষ্কার করে নেয়। শেষ পর্যন্ত কোম্পানির অভ্যন্তরীণ এই বিশ্বাসঘাতকতার কারণে রিয়াদ পদোন্নতির তালিকা থেকে সম্পূর্ণ বাদ পড়ে যায়।
P452,চিল চিনে উচু ডাল; মাছ চিনে গভীর জল,নিজের পছন্দ অনুসারে যে যার স্থান নির্বাচন করে।,general,অফিসের সিনিয়র ম্যানেজার পদে পদোন্নতির সুযোগ আসতেই উচ্চাকাঙ্ক্ষী কর্মীরা লবিং শুরু করে দিল। অন্যদিকে নিরবচ্ছিন্ন পরিশ্রমী প্রার্থীরা শুধু নিজেদের কাজের মানোন্নয়নে সম্পূর্ণ মনোযোগ নিবদ্ধ রাখল। শেষ পর্যন্ত প্রত্যেকে তাদের স্বভাব ও কৌশল অনুযায়ী উপযুক্ত পদ ও সম্মান অর্জন করল।
P453,"ছাদনদড়ি গোদাবাড়ী, যে আমার আমি তারি",যে আমায় দেখে আমি তারি অধীন; দৃঢ় নীতিজ্ঞানশূন্য ব্যক্তি।,general,অফিসের ঊর্ধ্বতন কর্মকর্তার তোষামোদি করে জুনিয়র কর্মীরা দ্রুত পদোন্নতির ফন্দি আঁটে। যোগ্যতার মূল্যায়ন না করে কর্তার মন জুগিয়ে চলাই তাদের একমাত্র পেশাগত নীতি হয়ে দাঁড়ায়। এর ফলে মেধাবী কর্মীরা কোণঠাসা হয়ে পড়ে এবং প্রতিষ্ঠানের সামগ্রিক কার্যক্ষমতা মারাত্মকভাবে হ্রাস পায়।
P454,জলে তেল সহজে বিতায়,সমমর্মী হলে সৌভ্রাতৃত্ব সহজে গড়ে ওঠে।,general,অফিসের নতুন মহাব্যবস্থাপক আসার পর থেকে কাজের পরিবেশ কিছুটা থমথমে হয়ে পড়েছিল। কিন্তু জ্যেষ্ঠ কর্মকর্তা রহমান সাহেব সবার মানসিকতা বুঝতে পেরে সবার সাথে নিয়মিত খোলামেলা আলোচনা শুরু করলেন। তার এমন আন্তরিক ও মিশুক আচরণের ফলে পুরো টিমের সদস্যরা কাজের প্রতি নতুন উদ্দীপনা ফিরে পেল।
P455,ঝামেলায় না পড়লে ঝামেলার (দুশ্চিন্তা) পিছু নিও না,অনাবশ্যক ঝামেলায় না জড়ানোর পক্ষে চেতাবনি।,general,অফিসের জ্যেষ্ঠ কর্মকর্তাদের অভ্যন্তরীণ দ্বন্দ্বে জুনিয়র কর্মকর্তা অনীশ নিজেকে জড়ানোর প্রবল ইচ্ছা প্রকাশ করল। সহকর্মীদের নিষেধ সত্ত্বেও সে বিবাদে নাক গলাতে গেল। শেষ পর্যন্ত সে চাকরি হারাল এবং তার ক্যারিয়ার অনিশ্চিত হয়ে পড়ল।
P456,টাকা বাড়লে দেমাক বাড়ে,খুব কম অর্থশালীই বিনয়ী হয়।,general,অফিসে নতুন উচ্চপদে আসীন হওয়ার পর থেকেই অনিমেশ তার পুরনো সহকর্মীদের সঙ্গে দূরত্ব বজায় চলতে শুরু করল। সে এখন কোনো পরামর্শ শুনতে নারাজ এবং জুনিয়রদের ওপর প্রতিনিয়ত অযথা কতৃত্ব ফলানো শুরু করেছে। তার এই উদ্ধত আচরণের কারণে পুরো বিভাগের কাজের পরিবেশ এখন ভীষণ অস্বস্তিকর হয়ে উঠেছে।
P457,ঠেকে শেখে আর দেখে শেখে,অজ্ঞানীরা নিজের কষ্ট থেকে শিক্ষা পায়; জ্ঞানীরা অপরের অজ্ঞতার ফল দেখে শিক্ষা নেয়।,general,সহকর্মী রনি প্রতিটি কাজে বারবার ভুল করে শেষ পর্যন্ত নিজের চাকরি হারাচ্ছিল। আমি তার এই ব্যর্থতার অভিজ্ঞতা গভীরভাবে পর্যবেক্ষণ করলাম। ফলে আমি সময়মতো কাজ জমা দেওয়ার অভ্যাস গড়ে তুললাম।
P458,ডিম ফোটার আগেই মুরগীর ছানা গোনা,আগাম সুখকল্পনা।,general,সফটওয়্যারের কোডিং আংশিক শেষ হতেই তানিম ক্লায়েন্টের কাছ থেকে পুরো পেমেন্ট পাওয়ার দাবি তুলল। সে ভবিষ্যতের লাভজনক প্রজেক্টগুলোর কথা ভেবে এখনই ব্যয়বহুল অফিস স্পেস ভাড়া নিয়ে ফেলল। অথচ সামান্য একটি টেকনিক্যাল ত্রুটির কারণে ক্লায়েন্ট পুরো কাজ বাতিল করে দিল।
P459,ঢেঁকির কচকচি থামলেই মিষ্টি,বিরক্তিকর একঘেয়েমি থেকে মুক্তি।,general,অফিসে সারাদিন বসের অনর্থক বকাঝকা আর কাজ নিয়ে কটা কথার অত্যাচার সহ্য করতে হচ্ছিল। সন্ধ্যায় সেই কঠিন প্রজেক্টের কাজ সফলভাবে শেষ হওয়ার পর এক অদ্ভুত স্বস্তি নেমে এল। এই দীর্ঘ মানসিক চাপ থেকে মুক্তি পাওয়ার অনুভূতিটি সত্যিই অতুলনীয়।
P460,তৃণবন্মন্যতে জগৎ,অর্থশালীরা জগতকে তৃণের মত জ্ঞান করে।,general,বার্ষিক মূল্যায়নের সময় শীর্ষ কর্মকর্তা তার জুনিয়র সহকর্মীদের কঠোর পরিশ্রম ও নিষ্ঠাকে সম্পূর্ণ অবহেলা করলেন। তিনি নিজের পদমর্যাদার অহংকারে অন্যদের মতামতকে তুচ্ছ জ্ঞান করে একতরফা সিদ্ধান্ত নিলেন। এর ফলে পুরো টিমের মনোবল ভেঙে গেল এবং কাজের মান দ্রুত হ্রাস পেল।
P461,দিনগত পাপক্ষয়,গতানুগতিকভাবে প্রতিদিনের কাজ করে সময় অতিবাহন; মনযোগ না দিয়ে কোন কাজ দায়সারাভাবে সম্পাদন।,general,বার্ষিক মূল্যায়নের মুখোমুখি হওয়ার ভয়ে অনিক প্রতিদিন শুধু হাজিরা খাতায় স্বাক্ষর করেই নিজের ডেস্কে বসে থাকত। সে কোনো নতুন প্রকল্প বা বাড়তি দায়িত্ব নেওয়ার সাহস করত না। এর ফলে তার কর্মদক্ষতার কোনো উন্নতি ঘটেনি এবং সে বছরের পর বছর একই পদে আটকে রইল।
P462,"ধনে অহঙ্কার নয়, মনে অহঙ্কার২",ধনে যে অহঙ্কার জন্মে; আসলে সেটা মনেই জন্মে।,general,ছোট একটি কোডিং সমস্যা সমাধান করেই অর্নব নিজেকে শ্রেষ্ঠ ডেভেলপার হিসেবে জাহির করতে শুরু করে। সে ক্লায়েন্টের সাধারণ পরামর্শগুলো অবহেলা করে নিজের মতো কোড করতে থাকে। পরিণামে প্রজেক্ট জমা দেওয়ার ঠিক আগে বড় ধরনের ত্রুটি ধরা পড়ে এবং তার পুরো কাজ বাতিল হয়ে যায়।
P463,ন সাহসমনারুহ্য নরো ভদ্রাণি পশ্যতি,বিনা সাহসে কোন মানুষ বড় কিছু করতে পারে না।,general,"অফিসের সবচেয়ে কঠিন প্রজেক্টটি নেওয়ার দায়িত্ব যখন সিনিয়র ম্যানেজমেন্ট সবার সামনে প্রস্তাব করল, তখন ভয়ে সবাই পিছিয়ে গেল। অমিয় ঝুঁকি জেনেও স্বেচ্ছায় সেই কঠিন কাজটি নিজের কাঁধে তুলে নিল এবং একটানা পরিশ্রম করে সফলভাবে তা সম্পন্ন করল। তার এই দূরদর্শী ও সাহসী পদক্ষেপে খুশি হয়ে কোম্পানি তাকে সরাসরি বিভাগীয় প্রধান হিসেবে পদোন্নতি দিল।"
P464,পাকা লোক ফাঁকা কথায় ভোলে না,চালাককে বোকা বানানো যায় না।,general,অফিসে নতুন যোগ দেওয়া ম্যানেজার সাহেব কাজের চেয়ে বড় বড় আশ্বাসের বেলুন ফোলাতে শুরু করলেন। কিন্তু জ্যেষ্ঠ বিশ্লেষক রায়হান সাহেব বিগত বছরের অভিজ্ঞতা থেকে বুঝতে পেরেছিলেন যে এই মিষ্টি কথায় কোনো কাজ হবে না। শেষ পর্যন্ত সেই ব্যবস্থাপকের কোনো প্রতিশ্রুতিই বাস্তবায়িত হয়নি এবং রায়হান সাহেব সময়মতো নিজের কাজ গুছিয়ে সফল হলেন।
P465,ফাঁকা কলসি বাজে বেশি,গুণহীন ব্যক্তির গর্জন বেশি; সারশূন্য ব্যক্তির বাগাড়ম্বর বেশি।,general,অফিসের নতুন প্রজেক্টে সাফল্যের জন্য মিটিংয়ে এক সহকর্মী প্রতিদিন বড় বড় তত্ত্ব ও স্লোগান দিচ্ছিল। কিন্তু মূল কাজের সময় তার কোনো কোডিং বা ডাটা অ্যানালিসিস জমা পড়েনি। শেষ পর্যন্ত দেখা গেল তার তৈরি করা প্রেজেন্টেশনটি একেবারেই অন্তঃসারশূন্য ছিল।
P466,ব্যাঙের শোকে সাপের চোখে জল,মেকি শোকপ্রকাশ।,general,অফিসের বার্ষিক মূল্যায়নে সিনিয়র ম্যানেজার প্রমোশন না পাওয়ায় তরুণ সহকর্মীটি প্রকাশ্য সভায় অঝোরে কাঁদতে শুরু করল। অথচ গোপনে সে নিজেই ম্যানেজারের বিরুদ্ধে গোপনে ঊর্ধ্বতন কর্তৃপক্ষের কাছে দুর্নীতির বেনামি চিঠি পাঠিয়েছিল। তার এই অভিনয়ে সবাই বোকা বনে গেলেও আসল সত্যটি কারোরই অজানা রইল না।
P467,ভাঙ্গা পা খানায়/গর্তে পড়ে,অক্ষমের ভুল বেশি হয়; বিপদ ঘরে ঢোকার জন্য ছিদ্র খোঁজে।,general,অনভিজ্ঞ কর্মকর্তা রিয়াদ নির্ধারিত সময়ে কাজের কোটা পূরণ করতে পারছে না। সে চাপের মুখে ভুলভাবে ইমেল ফরওয়ার্ড করায় পুরো প্রজেক্টের গোপন তথ্য ফাঁস হয়ে গেল। ফলে তার ঊর্ধ্বতন কর্তৃপক্ষ তাকে চাকরিচ্যুত করার সিদ্ধান্ত নিল।
P468,মনে মধু মুখে বিষ,বাইরে মিষ্টি ভিতর তিতা; প্রবৃত্তি শরীর থেকে ভিন্ন নয়,general,পাইকারি বাজারের নতুন ব্যবসায়ী রফিক ভাই সবসময় খুব বিনয়ী ভাষায় কথা বলতেন এবং বাকিতে পণ্য নেওয়ার সময় নানা রকম মিষ্টি প্রতিশ্রুতি দিতেন। আমি তার সজ্জন আচরণে গলে গিয়ে বড় অঙ্কের পণ্য বাকিতে সরবরাহ করেছিলাম। কিন্তু টাকা পরিশোধের নির্ধারিত সময় আসতেই তিনি দোকান বন্ধ করে উধাও হয়ে গেলেন এবং বহু দেনা আমার ঘাড়ে চাপিয়ে গেলেন।
P469,যখন যার কপাল বাঁকে দূর্বাবনে বাঘ ঝাঁকে,ভাগ্য মন্দ হ'লে সবদিক থেকে বিপদে পড়ার আশঙ্কা থাকে।,general,বার্ষিক মূল্যায়নের ঠিক আগ মুহূর্তে সুদীপ্ত সাহেবের গুরুত্বপূর্ণ প্রজেক্টের ফাইলটি হঠাৎ নিখোঁজ হয়ে গেল। তিনি ঊর্ধ্বতন কর্তৃপক্ষকে বিষয়টি বুঝিয়ে বলার চেষ্টা করলেও উল্টো তাকে চরম দায়িত্বহীনতার অভিযোগে অভিযুক্ত করা হলো। এর মধ্যে আবার তার ব্যবহৃত ল্যাপটপটি হঠাৎ নষ্ট হয়ে যাওয়ায় সব ব্যাকআপ ডেটা হারিয়ে গেল এবং তিনি চাকরি হারানোর মুখে এসে দাঁড়ালেন।
P470,রাজার দোষে রাজ্য নষ্ট,রাজার দোষে দেশের সর্বনাশ হয়,general,"প্রধান নির্বাহী কর্মকর্তার ভুল কৌশলগত সিদ্ধান্তের কারণে সম্পূর্ণ বিভাগটির বার্ষিক লক্ষ্যমাত্রা অর্জিত হয়নি। শীর্ষ কর্তাব্যক্তির খামখেয়ালিপনায় কোম্পানির কর্মীরা চরম হতাশার মুখে পড়ে। ফলস্বরূপ, সম্ভাবনাময় হওয়া সত্ত্বেও পুরো টিমটি ছাঁটাইয়ের শিকার হলো।"
P471,লাগে টাকা দেবে গৌরীসেন,অর্থের যথেচ্ছ অপব্যবহার; চাহিবামাত্র যার কাছে টাকা পাওয়া যায় এমন ব্যক্তি,general,"বার্ষিক মূল্যায়নে ভালো পজিশন পাওয়ার আশায় সিনিয়র কর্মকর্তার জন্মদিনে বিলাসবহুল উপহার পাঠাল নবাগত কর্মী। নিজের পকেট থেকে অতিরিক্ত অর্থ খরচ করে সবার সামনে নিজেকে জাহির করল সে। ফলস্বরূপ, কোনো কাজের দক্ষতা না থাকা সত্ত্বেও সে দ্রুত পদোন্নতির সুযোগ পেয়ে গেল।"
P472,শেয়ানা পাগল,পাগলামির ভান করে কিন্তু নিজের স্বার্থের ব্যাপারে খুব সচেতন।,general,"অফিসের সবাই যখন বসের অতিরিক্ত কাজের চাপে নাজেহাল, তখন সে নিজেকে একেবারে অদক্ষ ও বোকা সাজিয়ে দূরে সরে রইল। কিন্তু গোপনে সে নিজের অংশের মূল প্রজেক্টের কাজ নিখুঁতভাবে শেষ করে ঠিক সময়ে জমা দিল। শেষ পর্যন্ত সবাই কাজের চাপে ফেঁসে গেলেও সে ঠিকই নিজের পদোন্নতিটা বাগিয়ে নিল।"
P473,সংসার সুখের হয় রমণীর গুণে,ঘরণী সুন্দর হ'লে সংসারে সুখের সন্ধান পাওয়া যায়।,general,অফিসের গুরুত্বপূর্ণ একটি প্রজেক্টের সময়সীমা প্রায় শেষ হয়ে আসছিল এবং পুরো দল চরম বিশৃঙ্খলার মধ্যে পড়েছিল। এমন সংকটময় মুহূর্তে অ্যাসিস্ট্যান্ট ম্যানেজার সুস্মিতা নিজের দক্ষতা ও ঠান্ডা মাথায় সব সামলে নিলেন। তার এই সময়োপযোগী বুদ্ধিমত্তা ও দূরদর্শিতার কারণে কোম্পানি বড় ধরনের আর্থিক ক্ষতি থেকে রক্ষা পেল।
P474,হাতির পাঁচ পা দেখা,অহঙ্কারী ব্যক্তির দাম্ভিক আচরণ।,general,"পদোন্নতি পাওয়ার পর থেকেই অনীশ সহকর্মীদের সাথে চরম দুর্ব্যবহার শুরু করে। সে নিজেকে প্রতিষ্ঠানের অবিসংবাদিত নেতা ভেবে সবার মতামত উপেক্ষা করতে থাকে। ফলস্বরূপ, তার অধীনস্থ সবাই মুখ ফিরিয়ে নিলে সে বড় একটি প্রজেক্টে মারাত্মক ব্যর্থ হয়।"
P475,"অধিক খেতে করে আশা, তার নাম বুদ্ধিনাশা",বেশি খাওয়া স্বাস্থের পক্ষে ক্ষতিকর; পেটুক না হলে কেউ বেশি খায় না।,general,"অফিসে একসাথে একাধিক বড় দায়িত্ব নিজের কাঁধে তুলে নিয়েছিলেন জুনিয়র ম্যানেজার অয়ন। কাজের চাপ সামলাতে না পেরে সে নির্ধারিত সময়ের মধ্যে কোনো প্রজেক্টই শেষ করতে পারেনি। ফলে তার পদোন্নতির সুযোগ তো দূরে থাক, উল্টো চাকরি নিয়ে টানাটানি শুরু হলো।"
P476,আরের মন যেদিকে চোরের মন বোঁচকার দিকে,কোন লোকে কেবল নিজের স্বার্থের দিকে নজর রাখলে এই বাক্য প্রযুক্ত হয়,general,"বার্ষিক মূল্যায়নের সময় পুরো দল যখন কোম্পানির সার্বিক উৎপাদনশীলতা নিয়ে আলোচনা করছিল, তখন সুমিত শুধু নিজের পদোন্নতির ফাইল ম্যানেজারের টেবিলে জমা দিচ্ছিল। দলের বাকি সদস্যরা লক্ষ্য করল যে তার মনোযোগ কেবল নিজের লভ্যাংশ ও পদমর্যাদা অর্জনের মধ্যেই সীমাবদ্ধ ছিল। শেষ পর্যন্ত সে অন্য সহকর্মীদের প্রচেষ্টাকে উপেক্ষা করে নিজের ব্যক্তিগত স্বার্থ ঠিকই হাসিল করে নিল।"
P477,ইজ্জত দৌলতে বজায় থাকে,অর্থই ইজ্জতের মাপকাঠি।,general,বার্ষিক মূল্যায়নে ভালো পারফর্ম করা সত্ত্বেও তানভীর জুনিয়র ম্যানেজারের পদটি পেল না। তার পরিবর্তে অধিক অর্থ বিনিয়োগ এবং সেলস টার্গেট পূরণকারী অযোগ্য এক সহকর্মী ওই উচ্চ পদটি দখল করে নিলো। অফিসে তার মতামত আর কেউ গুরুত্ব সহকারে শুনল না।
P478,উনপাঁজুরে বরাখুরে,"লক্ষ্মীছাড়া, হতভাগা- গালিবিশেষ; দুশ্চরিত্র অন্নহীনকে এই বলে গালি দেওয়া হয়।",general,অফিসে নতুন প্রোজেক্টে ভালো পারফর্ম করার পরেও অনভিজ্ঞতার অজুহাতে সাকিবের বার্ষিক ইনক্রিমেন্ট আটকে দেওয়া হলো। সে বারবার ম্যানেজমেন্টের কাছে নিজের যোগ্যতার প্রমাণ দেওয়ার চেষ্টা করেও ব্যর্থ হয়। শেষ পর্যন্ত কোনো পদোন্নতি বা আর্থিক সুবিধা ছাড়াই তাকে হতাশ হয়ে আগের পদে কাজ চালিয়ে যেতে হয়।
P479,এক চুল ক্ষতি করতে না পারা,কোন ক্ষতি করতে না পারা।,general,অফিসে আমার সিনিয়র বস নানা উপায়ে আমার ক্যারিয়ারের অগ্রগতি থামানোর চেষ্টা চালিয়ে যাচ্ছিলেন। কিন্তু আমার কাজের মান এতটাই নিখুঁত ছিল যে তিনি আমার ন্যূনতম অনিষ্ট সাধনেও সম্পূর্ণ ব্যর্থ হন। শেষ পর্যন্ত কোম্পানির উচ্চপদস্থ কর্তারা আমার দক্ষতা দেখে আমাকেই পদোন্নতির জন্য নির্বাচিত করেন।
P480,কথার চেয়ে কাজের গলা দরাজ,"মানুষ কাজ চায়, কথা চায় না।",general,বার্ষিক মূল্যায়নের সময় সোহেল ভাই মিটিংয়ে লম্বা চওড়া লেকচার দিয়ে বসের মন ভোলানোর চেষ্টা করলেন। কিন্তু শান্ত স্বভাবের অয়ন কোনো কথা না বলে নীরပ်ভাবে সমস্ত কোডিং প্রজেক্ট সময়মতো শেষ করে জমা দিল। শেষ পর্যন্ত কর্তৃপক্ষ অয়নের পারফরম্যান্স মূল্যায়ন করে তাকেই ম্যানেজার পদে উন্নীত করল।
P481,খর নদীতে চর পড়ে না,সতেজ মনে কলুশ জমে না।,general,"অফিসের জ্যেষ্ঠ পদে পদোন্নতি পেতে দীর্ঘদিন ধরে কঠোর পরিশ্রম করে যাচ্ছিলেন রিয়াজ। তিনি কাজের ফাঁকে কোনো রকম অনৈতিক সুযোগ বা দপ্তরিক ষড়যন্ত্রে লিপ্ত হননি। ফলস্বরূপ, তাঁর স্বচ্ছ কর্মদক্ষতা ও মনস্তাত্ত্বিক দৃঢ়তা দেখে ঊর্ধ্বতন কর্তৃপক্ষ তাঁকে দ্রুত উচ্চতর দায়িত্বে ভূষিত করলেন।"
P482,গরানো পাথরে শ্যাওলা জমে/ধরে না,সচল মনে ময়লা জমে না।,general,কোডিংয়ের কাজে হঠাৎ ত্রুটি দেখা দিলে অনেকেই ভয় পেয়ে হাত গুটিয়ে বসে থাকেন। তনয় কিন্তু বসে না থেকে নিয়মিত নতুন লজিক প্রয়োগ করে সমস্যার সমাধান খুঁজতে থাকে। তার এই গতিশীল প্রচেষ্টার কারণে ক্লায়েন্টের ডেডলাইনের আগেই প্রজেক্টটি নিখুঁতভাবে শেষ হয়।
P483,ঘরে বসে রাজা উজির মারা,লম্বাচওড়া কথা বলে অকর্মার নিজেকে জাহির করা; লম্বাই চওড়াই বাতের কাপুরুষ।,general,"অফিসের সিনিয়র ম্যানেজার যখনই কোনো নতুন জটিল প্রকল্প পান, তখনই তিনি বিশাল সব স্ট্র্যাটেজির কথা বলে সবাইকে তাক লাগিয়ে দেন। কিন্তু কাজের মূল সময় এলেই তিনি নিজের দায়িত্ব এড়িয়ে অন্য সহকর্মীদের ওপর সব দোষ চাপিয়ে দেন। শেষ পর্যন্ত প্রজেক্টটি ব্যর্থ হলেও তিনি মিটিংয়ে লম্বা বক্তৃতা দিয়ে নিজেকে সবচেয়ে কর্মঠ ও বুদ্ধিমান প্রমাণ করার চেষ্টা করেন।"
P484,চুলোমুখো দেবতার ঘুঁটের ছাই নৈবদ্য,ভালোর জন্য ভালো মন্দের জন্য মন্দ বরাদ্দ হয়।,general,অফিসে অনিয়মিত ও অদক্ষ কর্মীরা সবসময় ফাঁকিবাজি করে কাজের সময় নষ্ট করত। বার্ষিক মূল্যায়নে তাদের কোনো পদোন্নতি বা ইনক্রিমেন্ট দেওয়া হয়নি। বরং যোগ্য ও পরিশ্রমী কর্মীরা তাদের কাজের সঠিক পুরস্কার হিসেবে পদোন্নতি লাভ করেছে।
P485,ছেঁড়াবস্তায় খাসাচাল,কুদর্শন হলেও গুণের ছেলে; অগুণীর ঘরে গুণবান সন্তান,general,অফিসের সবচেয়ে জীর্ণ ক্যুবিকলে বসে কাজ করা সাদিক দেখতে অত্যন্ত সাদাসিধে ও ম্রিয়মান ছিল। কিন্তু সে তার অসাধারণ বুদ্ধিমত্তা ও নিখুঁত কোডিং দক্ষতার জোরে সবচেয়ে জটিল প্রজেক্টটি মাত্র একদিনে সফলভাবে সমাধান করে ফেলল। শেষ পর্যন্ত কোম্পানির শীর্ষ ব্যবস্থাপনা তার এই অসাধারণ প্রতিভা দেখে তাকে এক লাফে টেকনিক্যাল লিড পদে উন্নীত করল।
P486,জিদের ভাত কুকুরে খায়,জেদ ধরলে নিজের ক্ষতি হয়।,general,ম্যানেজারের একটি সামান্য পরামর্শ অহংকারবশত মেনে না নিয়ে অর্পন নিজের মতো প্রজেক্টটি পরিচালনা করতে শুরু করল। সে সিনিয়রদের কোনো মতামতকে পাত্তাই দিল না এবং কাজটি নিজের মতো করেই শেষ করল। শেষ পর্যন্ত তার এই অপরিপক্ব মনোভাবের কারণে গুরুত্বপূর্ণ ক্লায়েন্ট হাতছাড়া হয়ে গেল এবং তার পদোন্নতির সুযোগ চিরতরে বন্ধ হয়ে গেল।
P487,ঝকমারির মাসুল,নির্বুদ্ধিতার দণ্ড,general,"অফিসের রুলস না জেনেই তড়িঘড়ি করে বসের বিরুদ্ধে ইমেইলে নালিশ জানিয়ে বসেন অনির্বাণ। তিনি বুঝতে পারেননি যে এই অপরিপক্ব আচরণ তার ক্যারিয়ারের জন্য মারাত্মক বিপর্যয় ডেকে আনবে। ফলস্বরূপ, প্রমোশনের তো দূরের কথা, তাকে এখন বাধ্যতামূলকভাবে চাকরি ছাড়ার নোটিশ হাতে নিয়ে ঘুরতে হচ্ছে।"
P488,"টাকা মাটি, মাটি টাকা",টাকা টাকা করে টাকার প্রতি বেশি নজর না দিতে ঠাকুরের হিতোপদেশ।,general,অফিসে পদোন্নতির লোভে সহকর্মীদের সাথে অনৈতিক প্রতিযোগিতায় নেমেছিল অনিমেশ। সে দিনরাত শুধু উচ্চ পদের মোহে বুঁদ হয়ে নিজের মানসিক শান্তি ও পারিবারিক সময় সম্পূর্ণ বিসর্জন দিল। শেষ পর্যন্ত কাঙ্ক্ষিত সেই পদটি পেলেও অতিরিক্ত মানসিক চাপে তার বড় ধরনের শারীরিক অসুস্থতা দেখা দিল।
P489,ঠোঁক কাটা কাক,সববিষয়ে ঠোক্কর মারা লোক; যে সববিষয়ে খুঁত ধরে।,general,বার্ষিক মূল্যায়নের সময় অনিরুদ্ধ ম্যানেজমেন্টের প্রতিটি নতুন নীতিতে খুঁত ধরতে শুরু করল। সে শুধু কোম্পানির ছোটোখাটো ভুলগুলো নিয়ে বারবার উচ্চবাচ্য করতে লাগল। এর ফলে ঊর্ধ্বতন কর্তৃপক্ষ তার গঠনমূলক সমালোচনার বদলে অহেতুক বিরোধিতাকেই বেশি প্রাধান্য দিল।
P490,ডেকে শাল নেওয়া,শখের বিপদ; ইচ্ছা করে বিপদে পড়া।,general,অফিসের সবচেয়ে জটিল ও বিতর্কিত প্রজেক্টটির সম্পূর্ণ দায়িত্ব নিজের কাঁধে তুলে নিলেন তরুণ কর্মকর্তা অয়ন। অথচ তার উর্ধ্বতন কর্মকর্তারা আগেই তাকে এই বিপদজনক কাজ থেকে দূরে থাকার পরামর্শ দিয়েছিলেন। শেষ পর্যন্ত প্রজেক্টটি ব্যর্থ হওয়ায় তাকে চাকরি থেকে বরখাস্ত করার নোটিশ পেতে হলো।
P491,ঢেঁকির শব্দ বড়,যার ভিতরে যার কিছুই নেই তার বাজে বেশি,general,অফিসের নতুন প্রজেক্টে কোনো বাস্তব অবদান না রেখেই জুনিয়র কর্মকর্তা অয়ন সারাক্ষণ মিটিংয়ে গলা ফাটিয়ে নিজের কৃতিত্ব জাহির করছিল। কিন্তু মূল কাজের মূল্যায়নের সময় তার এই ফাঁকা আওয়াজ ধরা পড়ে যায় এবং সে কোনো পদোন্নতি পেল না। অবশেষে তার ঊর্ধ্বতন কর্তৃপক্ষ তাকে বাদ দিয়ে নিরবচ্ছিন্ন পরিশ্রমী কর্মীকে পুরস্কৃত করল।
P492,"তেল, তামাক, ময়দা, যত ডলো/রগরাও ফয়দা","এই তিনটি দ্রব্য ডলাই মলাই করলে ফল ভাল হয়, বেশী উপাকারী হয়।",general,"বার্ষিক মূল্যায়নে ভালো পদের জন্য শুধু ভালো কাজ করলেই চলে না, বরং বসের মন জুগিয়ে চলা এবং ঊর্ধ্বতন কর্মকর্তাদের সাথে নিয়মিত যোগাযোগ রাখা জরুরি। কর্মক্ষেত্রে অতিরিক্ত তোষামোদ এবং নিজের কৃতিত্বের কথা বারবার জাহির করার অভ্যাস করলে দ্রুত পদোন্নতি নিশ্চিত হয়। ফলে যোগ্যতার চেয়েও ওই বিশেষ কায়দায় চাটুকারিতা করা কর্মীদের কদর কর্পোরেট দুনিয়ায় অনেক বেশি থাকে।"
P493,"দয়া করে দেয় নূন, ভাত মারে দশগুণ",একটু সুখ পেলে আরও সুখ পেতে চায়; খেতে পেলে শুতে চায়।,general,প্রতারক চক্র সামাজিক মাধ্যমে লোভনীয় অফারের সামান্য প্রলোভন দেখিয়ে ব্যবহারকারীকে জালে ফেলল। এরপর ব্যবহারকারী আরও বেশি লাভের আশায় নিজের সব গোপন তথ্য তাদের হাতে তুলে দিলেন। পরিণতিতে তার পুরো অ্যাকাউন্ট ও সঞ্চয় চিরতরে হ্যাকারদের দখলে চলে গেল।
P494,ধর মাছ ভাগ আছে,"তুমি পরিশ্রম কর, ভাগের বেলায় আমি আছি।",general,অফিসের রূঢ় বাস্তবতায় জুনিয়র কর্মীরা দিনরাত এক করে লভ্যাংশ অর্জনের জন্য কঠোর পরিশ্রম করতে থাকে। অথচ বছর শেষে মূল্যায়ন ও ইনক্রিমেন্টের সময় ঊর্ধ্বতন কর্মকর্তারা বিনা পরিশ্রমে সম্পূর্ণ কৃতিত্ব নিজেদের নামে চালিয়ে দেয়। দিনশেষে অবহেলিত কর্মীরা শুধু দীর্ঘশ্বাস ফেলে।
P495,নড়তে পারে না কামান ঘাড়ে,ক্ষমতার অতিরিক্ত কাজ কর‍তে যায়; নিতান্ত বাড়াবাড়ি।,general,একজন নতুন ফ্রিল্যান্সার মাত্র তিন দিনের মধ্যে অত্যন্ত জটিল কৃত্রিম বুদ্ধিমত্তাভিত্তিক সফটওয়্যার তৈরির অবাস্তব অর্ডার গ্রহণ করল। কোডিংয়ের মারপ্যাঁচ ভালোভাবে না জেনেই সে রাতদিন এক করে কাজ শুরু করে দিল এবং কোডের ভেতরে অসংখ্য মারাত্মক ভুল রেখে দিল। শেষ পর্যন্ত ক্লায়েন্ট কাজটি রিজেক্ট করে দিল এবং তার অ্যাকাউন্টটি চিরতরে ব্লক করে দিল।
P496,পাপ বাপকেও ছাড়ে না,পাপ করলে শাস্তি পেতেই হবে।,general,সহকর্মীর পিঠে ছুরি মেরে এবং তার প্রকল্প নিজের নামে চালিয়ে অনৈতিকভাবে সিনিয়র ম্যানেজার পদটি বাগিয়ে নেন অর্ণব। কিন্তু যোগদানের মাসখানেক পরেই অডিট টিম তার পেশ করা সব ভুয়া নথিপত্র ধরে ফেলে এবং তাকে চাকরি থেকে বরখাস্ত করা হয়। ফলে তার এই হীন চক্রান্তের উপযুক্ত পরিণাম হিসেবে এক নিমেষে তার পুরো ক্যারিয়ার ধূলিসাৎ হয়ে গেল।
P497,ফাটা কাঁসর বেসুরে বাজে,মন্দলোকের বেয়াড়া কথাবার্তা।,general,অযোগ্য এক সহকর্মী নিজের অকৃতকার্যতার দায় এড়িয়ে অযৌক্তিক সব দাবি উপস্থাপন করছিলেন। ঊর্ধ্বতন কর্তৃপক্ষ তার এই অসংলগ্ন যুক্তিগুলো শুনে বিরক্ত হয়ে তাকে পদোন্নতির তালিকা থেকে বাদ দিলেন। ফলে দীর্ঘদিনের কর্মদক্ষতা থাকা সত্ত্বেও ওই ব্যক্তির অপরিণামদর্শী আচরণের জন্য পুরো দলের কাজের পরিবেশ নষ্ট হলো।
P498,বচন থেকে কাজ অনেক বেশি কথা বলে,কথা থেকে কাজের ওজন অনেক বেশি।,general,সহকর্মী সর্বদা উচ্চপদস্থ কর্মকর্তাদের নিকট নিজের সাফল্যের ফিরিস্তি দেয়। কিন্তু প্রকল্পের কঠিন সময়ে সে অনুপস্থিত থাকে এবং অন্যজন নীরবে লক্ষ্যমাত্রা অর্জন করে নেয়। ফলে কর্তৃপক্ষ শেষোক্ত ব্যক্তিকেই উচ্চতর পদে উন্নীত করে।
P499,ভাজা মাছ উলটে খেতে জানে না,"সরলতার ভান করা, যেন কিছু জানে না, বোঝে না।",general,সহকর্মী রফিক সবসময় নিজেকে কাজের চাপে অতীষ্ঠ বলে দাবি করে অথচ সে অত্যন্ত কৌশলে নিজের ভুলগুলো অন্যের ওপর চাপিয়ে দেয়। পদোন্নতির সময় সে এমন ভাব করে যেন অফিসের জটিল হিসাবপত্র সম্পর্কে তার কোনো ধারণাই নেই। শেষপর্যন্ত সে ঊর্ধ্বতন কর্তৃপক্ষের প্রিয়পাত্র হয়ে পদোন্নতি বাগিয়ে নেয়।
P500,মনে বড় সাধ চড়বো বাঘের কাঁধ,দুরাশা করা; অসম্ভব চিন্তা।,general,মাত্র এক মাস চাকরিতে যোগ দিয়ে সে সরাসরি বিভাগীয় প্রধান হওয়ার দাবি জানাল। ঊর্ধ্বতন কর্তৃপক্ষ তার এই অদ্ভুত আবদার শুনে তাকে সতর্কবার্তা প্রদান করল। শেষ পর্যন্ত তার অদূরদর্শী আচরণের কারণে সে কর্মক্ষেত্রে সবার কাছে হাসির পাত্রে পরিণত হলো।
